playerID,yearID,nameFirst,nameLast,team,IP,K/9,BB/9,HR/9,BABIP,LOB%,GB%,HR/FB,FIP,xFIP,WAR
,2001,Randy,Johnson,Diamondbacks,249.2,13.41,2.56,0.68,0.315,80.5 %, , ,2.13, ,10.4
,2000,Pedro,Martinez,Red Sox,217,11.78,1.33,0.71,0.236,86.6 %, , ,2.17, ,9.9
,2000,Randy,Johnson,Diamondbacks,248.2,12.56,2.75,0.83,0.326,77.4 %, , ,2.53, ,9.5
,2004,Randy,Johnson,Diamondbacks,245.2,10.62,1.61,0.66,0.264,69.5 %,43.5 %,8.0 %,2.3,2.65,9.5
,2002,Curt,Schilling,Diamondbacks,259.1,10.97,1.15,1.01,0.297,74.5 %,40.8 %,12.2 %,2.4,2.21,9.3
,2009,Zack,Greinke,Royals,229.1,9.5,2,0.43,0.303,79.3 %,40.0 %,4.5 %,2.33,3.09,9.1
,2009,Justin,Verlander,Tigers,240,10.09,2.36,0.75,0.319,72.7 %,36.0 %,7.4 %,2.8,3.2,8.1
,2002,Randy,Johnson,Diamondbacks,260,11.56,2.46,0.9,0.289,83.0 %,46.9 %,12.9 %,2.66,2.44,8
,2011,Roy,Halladay,Phillies,233.2,8.47,1.35,0.39,0.298,78.1 %,50.9 %,5.1 %,2.2,2.71,8
,2002,Pedro,Martinez,Red Sox,199.1,10.79,1.81,0.59,0.273,75.8 %,42.2 %,7.5 %,2.24,2.6,7.8
,2003,Pedro,Martinez,Red Sox,186.2,9.93,2.27,0.34,0.292,78.2 %,41.2 %,4.0 %,2.21,3.08,7.8
,2004,Ben,Sheets,Brewers,237,10.03,1.22,0.95,0.288,75.3 %,43.3 %,10.1 %,2.65,2.76,7.6
,2005,Johan,Santana,Twins,231.2,9.25,1.75,0.85,0.262,76.3 %,39.4 %,8.4 %,2.8,3.12,7.6
,2004,Johan,Santana,Twins,228,10.46,2.13,0.95,0.25,80.4 %,40.6 %,10.3 %,2.92,3.01,7.5
,2003,Mark,Prior,Cubs,211.1,10.43,2.13,0.64,0.309,79.2 %,41.0 %,7.5 %,2.47,2.92,7.5
,2003,Roy,Halladay,Blue Jays,266,6.9,1.08,0.88,0.284,71.0 %,58.4 %,14.3 %,3.23,2.96,7.5
,2009,Tim,Lincecum,Giants,225.1,10.42,2.72,0.4,0.282,75.9 %,47.5 %,5.5 %,2.34,2.83,7.5
,2001,Curt,Schilling,Diamondbacks,256.2,10.27,1.37,1.3,0.307,84.8 %, , ,3.11, ,7.4
,2004,Curt,Schilling,Red Sox,226.2,8.06,1.39,0.91,0.284,75.8 %,41.2 %,9.1 %,3.11,3.38,7.3
,2002,Roy,Halladay,Blue Jays,239.1,6.32,2.33,0.38,0.286,71.6 %,59.5 %,6.5 %,2.97,3.32,7.3
,2009,Roy,Halladay,Blue Jays,239,7.83,1.32,0.83,0.306,79.0 %,50.2 %,10.6 %,3.06,3,7.2
,2008,CC,Sabathia,- - -,253,8.93,2.1,0.68,0.297,77.7 %,46.6 %,8.8 %,2.91,3.06,7.2
,2006,Johan,Santana,Twins,233.2,9.44,1.81,0.92,0.269,77.7 %,40.6 %,9.9 %,3.04,3.16,7.2
,2008,Cliff,Lee,Indians,223.1,6.85,1.37,0.48,0.301,78.3 %,45.9 %,5.1 %,2.83,3.52,7.1
,2008,Tim,Lincecum,Giants,227,10.51,3.33,0.44,0.304,77.9 %,43.9 %,5.6 %,2.62,3.13,7.1
,2008,Roy,Halladay,Blue Jays,246,7.54,1.43,0.66,0.284,74.5 %,53.7 %,9.4 %,3.03,3.11,7.1
,2000,Greg,Maddux,Braves,249.1,6.86,1.52,0.69,0.274,74.3 %, , ,3.23, ,7
,2010,Cliff,Lee,- - -,212.1,7.84,0.76,0.68,0.287,67.9 %,41.9 %,6.3 %,2.58,3.06,7
,2012,Justin,Verlander,Tigers,238.1,9.03,2.27,0.72,0.273,76.4 %,42.3 %,8.3 %,2.94,3.31,7
,2003,Esteban,Loaiza,White Sox,226.1,8.23,2.23,0.68,0.283,78.5 %,46.4 %,8.7 %,3.05,3.34,6.8
,2011,Justin,Verlander,Tigers,251,8.96,2.04,0.86,0.236,80.3 %,40.2 %,8.8 %,2.99,3.12,6.8
,2001,Mike,Mussina,Yankees,228.2,8.42,1.65,0.79,0.289,73.2 %, , ,2.92, ,6.8
,2007,CC,Sabathia,Indians,241,7.8,1.38,0.75,0.311,74.1 %,45.0 %,7.8 %,3.14,3.4,6.8
,2000,David,Wells,Blue Jays,229.2,6.51,1.21,0.9,0.327,69.7 %, , ,3.5, ,6.6
,2003,Jason,Schmidt,Giants,207.2,9.01,1.99,0.61,0.253,80.2 %,37.0 %,6.2 %,2.64,3.35,6.6
,2011,Clayton,Kershaw,Dodgers,233.1,9.57,2.08,0.58,0.269,78.6 %,43.2 %,6.7 %,2.47,2.84,6.6
,2011,CC,Sabathia,Yankees,237.1,8.72,2.31,0.64,0.318,77.0 %,46.6 %,8.4 %,2.88,3.02,6.5
,2010,Ubaldo,Jimenez,Rockies,221.2,8.69,3.74,0.41,0.271,76.5 %,48.8 %,5.1 %,3.1,3.6,6.5
,2007,Josh,Beckett,Red Sox,200.2,8.7,1.79,0.76,0.304,75.2 %,47.3 %,8.0 %,3.08,3.31,6.5
,2009,Cliff,Lee,- - -,231.2,7.03,1.67,0.66,0.315,76.2 %,41.3 %,6.5 %,3.11,3.64,6.5
,2011,Cliff,Lee,Phillies,232.2,9.21,1.62,0.7,0.291,81.4 %,46.3 %,9.0 %,2.6,2.68,6.4
,2004,Jason,Schmidt,Giants,225,10.04,3.08,0.72,0.263,73.3 %,44.6 %,8.2 %,2.92,3.27,6.4
,2006,Brandon,Webb,Diamondbacks,235,6.82,1.91,0.57,0.287,72.1 %,66.3 %,13.2 %,3.18,3.03,6.3
,2010,Justin,Verlander,Tigers,224.1,8.79,2.85,0.56,0.286,72.0 %,41.0 %,5.6 %,2.97,3.52,6.3
,2004,Roy,Oswalt,Astros,237,7.82,2.35,0.65,0.314,73.0 %,42.5 %,7.1 %,3.17,3.67,6.3
,2009,Felix,Hernandez,Mariners,238.2,8.18,2.68,0.57,0.278,76.7 %,53.4 %,7.5 %,3.09,3.37,6.3
,2011,Dan,Haren,Angels,238.1,7.25,1.25,0.76,0.272,71.5 %,42.5 %,7.5 %,2.98,3.29,6.2
,2002,Roy,Oswalt,Astros,233,8.03,2.39,0.66,0.298,75.9 %,47.1 %,8.5 %,2.99,3.23,6.2
,2000,Mike,Mussina,Orioles,237.2,7.95,1.74,1.06,0.297,73.2 %, , ,3.52, ,6.2
,2007,Brandon,Webb,Diamondbacks,236.1,7.39,2.74,0.46,0.285,72.4 %,61.8 %,8.8 %,3.24,3.3,6.2
,2009,Javier,Vazquez,Braves,219.1,9.77,1.81,0.82,0.283,76.6 %,41.7 %,10.1 %,2.77,2.77,6.2
,2001,Javier,Vazquez,Expos,223.2,8.37,1.77,0.97,0.279,72.2 %, , ,3.21, ,6.2
,2003,Mike,Mussina,Yankees,214.2,8.18,1.68,0.88,0.287,72.5 %,40.8 %,9.5 %,3.09,3.32,6.2
,2009,Jon,Lester,Red Sox,203.1,9.96,2.83,0.89,0.313,76.9 %,47.7 %,10.6 %,3.15,3.09,6.2
,2008,Dan,Haren,Diamondbacks,216,8.58,1.67,0.79,0.303,73.4 %,44.2 %,8.9 %,3.01,3.16,6.1
,2010,Josh,Johnson,Marlins,183.2,9.11,2.35,0.34,0.297,79.2 %,45.7 %,4.2 %,2.41,3.02,6.1
,2009,CC,Sabathia,Yankees,230,7.71,2.62,0.7,0.277,71.4 %,42.9 %,7.4 %,3.39,3.77,6.1
,2001,Greg,Maddux,Braves,233,6.68,1.04,0.77,0.286,74.3 %, , ,3.12, ,6.1
,2010,Roy,Halladay,Phillies,250.2,7.86,1.08,0.86,0.29,82.7 %,51.2 %,11.3 %,3.01,2.8,6.1
,2005,Chris,Carpenter,Cardinals,241.2,7.93,1.9,0.67,0.278,75.6 %,54.5 %,10.3 %,2.9,2.93,6
,2005,Dontrelle,Willis,Marlins,236.1,6.47,2.09,0.42,0.282,75.6 %,44.6 %,4.9 %,2.99,3.68,6
,2000,Kevin,Brown,Dodgers,230,8.45,1.84,0.82,0.255,77.6 %, , ,3.17, ,6
,2008,Ervin,Santana,Angels,219,8.79,1.93,0.95,0.289,74.3 %,38.8 %,8.9 %,3.3,3.48,6
,2005,Mark,Buehrle,White Sox,236.2,5.67,1.52,0.76,0.29,72.3 %,45.8 %,8.0 %,3.42,3.77,6
,2003,Tim,Hudson,Athletics,240,6.07,2.29,0.56,0.253,74.5 %,57.9 %,9.0 %,3.38,3.58,5.9
,2003,Javier,Vazquez,Expos,230.2,9.4,2.22,1.09,0.28,75.5 %,35.7 %,10.6 %,3.31,3.41,5.9
,2006,Jeremy,Bonderman,Tigers,214,8.5,2.69,0.76,0.318,69.2 %,48.2 %,8.9 %,3.29,3.53,5.9
,2012,Felix,Hernandez,Mariners,232,8.65,2.17,0.54,0.308,75.0 %,48.9 %,7.7 %,2.84,3.2,5.9
,2007,Jake,Peavy,Padres,223.1,9.67,2.74,0.52,0.273,78.3 %,44.0 %,5.8 %,2.84,3.34,5.8
,2001,Matt,Morris,Cardinals,216.1,7.7,2.25,0.54,0.318,74.6 %, , ,3.05, ,5.8
,2005,Pedro,Martinez,Mets,217,8.63,1.95,0.79,0.248,76.9 %,37.9 %,7.5 %,2.95,3.42,5.8
,2011,Jered,Weaver,Angels,235.2,7.56,2.14,0.76,0.25,82.6 %,32.5 %,6.3 %,3.2,3.8,5.8
,2001,Andy,Pettitte,Yankees,200.2,7.36,1.84,0.63,0.332,66.8 %, , ,3.02, ,5.7
,2004,Brad,Radke,Twins,219.2,5.86,1.07,0.94,0.293,73.9 %,42.8 %,8.5 %,3.55,3.94,5.7
,2010,Francisco,Liriano,Twins,191.2,9.44,2.72,0.42,0.331,73.1 %,53.6 %,6.3 %,2.66,2.95,5.7
,2004,Pedro,Martinez,Red Sox,217,9.41,2.53,1.08,0.291,73.2 %,38.2 %,10.2 %,3.58,3.68,5.7
,2003,Curt,Schilling,Diamondbacks,168,10.39,1.71,0.91,0.297,78.0 %,41.5 %,10.8 %,2.66,2.71,5.7
,2010,Jered,Weaver,Angels,224.1,9.35,2.17,0.92,0.276,75.7 %,36.0 %,7.8 %,3.06,3.32,5.7
,2009,Dan,Haren,Diamondbacks,229.1,8.75,1.49,1.06,0.267,77.0 %,42.9 %,11.7 %,3.23,3.02,5.7
,2006,John,Lackey,Angels,217.2,7.86,2.98,0.58,0.297,70.4 %,43.1 %,5.7 %,3.35,4.11,5.7
,2010,Adam,Wainwright,Cardinals,230.1,8.32,2.19,0.59,0.275,79.1 %,51.6 %,7.9 %,2.86,3.02,5.6
,2006,Roy,Oswalt,Astros,220.2,6.77,1.55,0.73,0.302,78.7 %,48.8 %,8.7 %,3.3,3.57,5.6
,2005,Roy,Oswalt,Astros,241.2,6.85,1.79,0.67,0.302,78.2 %,49.1 %,8.3 %,3.16,3.43,5.6
,2001,Mark,Mulder,Athletics,229.1,6,2,0.63,0.282,71.9 %, , ,3.35, ,5.6
,2005,Roger,Clemens,Astros,211.1,7.88,2.64,0.47,0.243,82.3 %,49.0 %,6.4 %,2.87,3.31,5.6
,2009,Ubaldo,Jimenez,Rockies,218,8.17,3.51,0.54,0.28,73.5 %,52.5 %,7.8 %,3.36,3.59,5.6
,2005,John,Lackey,Angels,209,8.57,3.06,0.56,0.326,75.4 %,44.6 %,6.6 %,3.1,3.59,5.6
,2001,Roger,Clemens,Yankees,220.1,8.7,2.94,0.78,0.305,73.6 %, , ,3.29, ,5.6
,2011,C.J.,Wilson,Rangers,223.1,8.3,2.98,0.64,0.287,73.6 %,49.3 %,8.2 %,3.24,3.41,5.5
,2010,Felix,Hernandez,Mariners,249.2,8.36,2.52,0.61,0.263,77.4 %,53.9 %,8.5 %,3.04,3.14,5.5
,2009,Josh,Johnson,Marlins,209,8.22,2.5,0.6,0.29,74.9 %,50.3 %,7.5 %,3.06,3.36,5.5
,2004,Roger,Clemens,Astros,214.1,9.15,3.32,0.63,0.275,76.4 %,49.4 %,8.2 %,3.11,3.42,5.5
,2007,Joe,Blanton,Athletics,230,5.48,1.57,0.63,0.299,68.0 %,46.9 %,6.5 %,3.5,3.93,5.5
,2008,Brandon,Webb,Diamondbacks,226.2,7.27,2.58,0.52,0.288,71.0 %,64.2 %,9.6 %,3.28,3.33,5.5
,2007,John,Lackey,Angels,224,7.19,2.09,0.72,0.301,76.0 %,44.7 %,7.3 %,3.54,3.87,5.4
,2003,Kevin,Brown,Dodgers,211,7.89,2.39,0.47,0.289,77.5 %,62.5 %,10.7 %,2.82,2.86,5.4
,2005,Andy,Pettitte,Astros,222.1,6.92,1.66,0.69,0.266,79.7 %,50.2 %,9.8 %,3.07,3.15,5.4
,2002,Derek,Lowe,Red Sox,219.2,5.2,1.97,0.49,0.235,77.0 %,66.8 %,9.2 %,3.34,3.44,5.4
,2006,Roy,Halladay,Blue Jays,220,5.4,1.39,0.78,0.276,74.9 %,57.3 %,12.5 %,3.6,3.45,5.4
,2006,Curt,Schilling,Red Sox,204,8.07,1.24,1.24,0.324,76.0 %,39.8 %,11.4 %,3.59,3.5,5.4
,2006,Mike,Mussina,Yankees,197.1,7.84,1.6,1,0.284,70.4 %,42.4 %,9.4 %,3.46,3.68,5.4
,2006,CC,Sabathia,Indians,192.2,8.03,2.06,0.79,0.294,71.7 %,45.1 %,8.4 %,3.3,3.63,5.4
,2010,Jon,Lester,Red Sox,208,9.74,3.59,0.61,0.289,74.5 %,53.6 %,8.9 %,3.13,3.18,5.4
,2012,Clayton,Kershaw,Dodgers,227.2,9.05,2.49,0.63,0.262,77.9 %,46.9 %,8.1 %,2.89,3.25,5.4
,2006,Aaron,Harang,Reds,234.1,8.3,2.15,1.08,0.312,73.8 %,38.5 %,10.5 %,3.68,3.72,5.4
,2009,Adam,Wainwright,Cardinals,233,8.19,2.55,0.66,0.296,80.4 %,50.7 %,8.3 %,3.11,3.32,5.3
,2008,A.J.,Burnett,Blue Jays,221.1,9.39,3.5,0.77,0.314,70.5 %,48.5 %,9.6 %,3.45,3.51,5.3
,2007,Roy,Halladay,Blue Jays,225.1,5.55,1.92,0.6,0.301,69.5 %,53.1 %,7.1 %,3.55,3.85,5.3
,2001,Freddy,Garcia,Mariners,238.2,6.15,2.6,0.6,0.255,73.8 %, , ,3.48, ,5.3
,2006,John,Smoltz,Braves,232,8.19,2.13,0.89,0.299,76.0 %,46.3 %,10.2 %,3.44,3.52,5.2
,2007,John,Smoltz,Braves,205.2,8.62,2.06,0.79,0.303,76.2 %,44.7 %,8.7 %,3.21,3.33,5.2
,2011,Doug,Fister,- - -,216.1,6.07,1.54,0.46,0.272,73.3 %,47.5 %,5.1 %,3.02,3.61,5.2
,2003,Andy,Pettitte,Yankees,208.1,7.78,2.16,0.91,0.32,68.0 %,52.2 %,12.4 %,3.35,3.23,5.2
,2009,Chris,Carpenter,Cardinals,192.2,6.73,1.78,0.33,0.269,79.5 %,55.0 %,4.6 %,2.78,3.34,5.2
,2007,Kelvim,Escobar,Angels,195.2,7.36,3.04,0.51,0.299,73.0 %,44.0 %,5.0 %,3.39,4.09,5.2
,2009,Josh,Beckett,Red Sox,212.1,8.43,2.33,1.06,0.29,71.6 %,47.2 %,12.8 %,3.63,3.3,5.2
,2007,Scott,Kazmir,Devil Rays,206.2,10.41,3.88,0.78,0.333,75.3 %,43.1 %,8.1 %,3.45,3.67,5.1
,2001,Brad,Radke,Twins,226,5.46,1.04,0.96,0.292,69.9 %, , ,3.7, ,5.1
,2011,Ian,Kennedy,Diamondbacks,222,8.03,2.23,0.77,0.27,79.2 %,38.6 %,7.7 %,3.22,3.5,5.1
,2001,Tim,Hudson,Athletics,235,6.93,2.72,0.77,0.279,72.8 %, , ,3.6, ,5.1
,2007,Erik,Bedard,Orioles,182,10.93,2.82,0.94,0.283,77.7 %,47.9 %,12.3 %,3.19,2.9,5.1
,2007,Aaron,Harang,Reds,231.2,8.47,2.02,1.09,0.288,74.0 %,40.3 %,10.2 %,3.71,3.62,5
,2012,Gio,Gonzalez,Nationals,199.1,9.35,3.43,0.41,0.267,74.1 %,48.2 %,5.8 %,2.82,3.38,5
,2008,Jon,Lester,Red Sox,210.1,6.5,2.82,0.6,0.297,77.4 %,47.5 %,7.0 %,3.64,4.03,5
,2008,John,Danks,White Sox,195,7.34,2.63,0.69,0.293,76.1 %,42.8 %,7.4 %,3.44,3.82,5
,2000,Javier,Vazquez,Expos,217.2,8.1,2.52,0.99,0.338,74.8 %, , ,3.68, ,5
,2001,John,Burkett,Braves,219.1,7.67,2.87,0.7,0.273,75.3 %, , ,3.39, ,5
,2007,Javier,Vazquez,White Sox,216.2,8.85,2.08,1.2,0.288,74.5 %,39.8 %,11.0 %,3.8,3.59,5
,2012,Yu,Darvish,Rangers,191.1,10.4,4.19,0.66,0.295,70.5 %,46.2 %,9.1 %,3.29,3.52,4.9
,2008,Javier,Vazquez,White Sox,208.1,8.64,2.64,1.08,0.316,68.3 %,38.2 %,9.8 %,3.74,3.79,4.9
,2008,Mike,Mussina,Yankees,200.1,6.74,1.39,0.76,0.321,73.3 %,48.5 %,9.2 %,3.32,3.43,4.9
,2011,Daniel,Hudson,Diamondbacks,222,6.85,2.03,0.69,0.295,70.5 %,41.7 %,6.4 %,3.28,3.79,4.9
,2010,CC,Sabathia,Yankees,237.2,7.46,2.8,0.76,0.281,75.6 %,50.7 %,8.6 %,3.54,3.63,4.9
,2005,John,Smoltz,Braves,229.2,6.62,2.08,0.71,0.278,75.8 %,47.9 %,8.7 %,3.27,3.5,4.9
,2010,Colby,Lewis,Rangers,201,8.78,2.91,0.94,0.275,71.9 %,37.9 %,8.2 %,3.55,3.74,4.9
,2008,Josh,Beckett,Red Sox,174.1,8.88,1.76,0.93,0.315,71.3 %,40.8 %,10.5 %,3.24,3.19,4.9
,2004,Tim,Hudson,Athletics,188.2,4.91,2.1,0.38,0.297,70.4 %,59.1 %,5.6 %,3.4,3.92,4.9
,2000,Brad,Radke,Twins,226.2,5.6,2.03,1.07,0.31,70.9 %, , ,4.18, ,4.9
,2006,Javier,Vazquez,White Sox,202.2,8.17,2.49,1.02,0.308,65.8 %,39.8 %,9.3 %,3.86,4.1,4.9
,2012,Cliff,Lee,Phillies,211,8.83,1.19,1.11,0.309,78.6 %,45.0 %,11.8 %,3.13,3.06,4.9
,2010,Zack,Greinke,Royals,220,7.4,2.25,0.74,0.305,65.3 %,46.0 %,7.5 %,3.34,3.6,4.9
,2007,Dan,Haren,Athletics,222.2,7.76,2.22,0.97,0.287,75.9 %,44.4 %,9.3 %,3.7,3.74,4.8
,2004,Freddy,Garcia,- - -,210,7.89,2.74,0.94,0.283,73.6 %,43.4 %,9.3 %,3.67,3.91,4.8
,2012,Chris,Sale,White Sox,192,9,2.39,0.89,0.294,80.0 %,44.9 %,11.6 %,3.27,3.24,4.8
,2011,Matt,Garza,Cubs,198,8.95,2.86,0.64,0.306,69.7 %,46.3 %,7.7 %,2.95,3.19,4.8
,2008,Gil,Meche,Royals,210.1,7.83,3.12,0.81,0.303,71.5 %,39.2 %,7.9 %,3.61,3.94,4.8
,2006,Kevin,Millwood,Rangers,215,6.57,2.22,0.96,0.306,67.6 %,44.6 %,9.8 %,3.87,4.02,4.8
,2005,Jake,Peavy,Padres,203,9.58,2.22,0.8,0.276,76.9 %,44.0 %,9.6 %,2.89,3,4.8
,2012,David,Price,Rays,211,8.74,2.52,0.68,0.285,81.1 %,53.1 %,10.5 %,3.05,3.12,4.8
,2008,Johan,Santana,Mets,234.1,7.91,2.42,0.88,0.274,82.6 %,41.2 %,9.4 %,3.51,3.61,4.8
,2002,Tim,Hudson,Athletics,238.1,5.74,2.34,0.72,0.294,78.5 %,55.4 %,10.2 %,3.6,3.65,4.8
,2012,Zack,Greinke,- - -,212.1,8.48,2.29,0.76,0.306,74.5 %,49.2 %,10.2 %,3.1,3.22,4.8
,2001,Barry,Zito,Athletics,214.1,8.61,3.36,0.76,0.283,73.5 %, , ,3.53, ,4.8
,2000,Kenny,Rogers,Rangers,227.1,5.03,3.09,0.79,0.311,69.2 %, , ,4.34, ,4.8
,2008,Ryan,Dempster,Cubs,206.2,8.14,3.31,0.61,0.28,76.7 %,48.1 %,7.7 %,3.41,3.69,4.8
,2011,Matt,Cain,Giants,221.2,7.27,2.56,0.37,0.26,70.6 %,41.7 %,3.7 %,2.91,3.78,4.8
,2002,Barry,Zito,Athletics,229.1,7.14,3.06,0.94,0.245,80.7 %,34.5 %,8.1 %,3.87,4.31,4.7
,2008,Zack,Greinke,Royals,202.1,8.14,2.49,0.93,0.308,75.2 %,42.7 %,9.1 %,3.56,3.71,4.7
,2011,Felix,Hernandez,Mariners,233.2,8.55,2.58,0.73,0.307,72.7 %,50.2 %,9.5 %,3.13,3.15,4.7
,2011,Madison,Bumgarner,Giants,204.2,8.4,2.02,0.53,0.322,72.4 %,46.0 %,6.2 %,2.67,3.1,4.7
,2006,Chris,Carpenter,Cardinals,221.2,7.47,1.75,0.85,0.271,76.3 %,53.3 %,11.5 %,3.44,3.36,4.7
,2000,Chuck,Finley,Indians,218,7.8,4.17,0.95,0.303,73.1 %, , ,4.19, ,4.7
,2002,Mike,Mussina,Yankees,215.2,7.6,2,1.13,0.29,70.8 %,40.9 %,10.9 %,3.64,3.6,4.6
,2006,Erik,Bedard,Orioles,196.1,7.84,3.16,0.73,0.309,71.9 %,48.8 %,9.0 %,3.59,3.8,4.6
,2005,Brandon,Webb,Diamondbacks,229,6.76,2.32,0.83,0.302,73.7 %,65.0 %,18.8 %,3.51,2.99,4.6
,2003,Bartolo,Colon,White Sox,242,6.43,2.49,1.12,0.272,74.3 %,36.9 %,10.1 %,4.11,4.29,4.6
,2012,CC,Sabathia,Yankees,200,8.87,1.98,0.99,0.288,71.6 %,48.2 %,12.5 %,3.33,3.2,4.6
,2003,Mark,Mulder,Athletics,186.2,6.17,1.93,0.72,0.294,77.6 %,55.7 %,10.6 %,3.38,3.44,4.6
,2003,Roger,Clemens,Yankees,211.2,8.08,2.47,1.02,0.291,71.4 %,44.4 %,11.5 %,3.6,3.57,4.6
,2012,Johnny,Cueto,Reds,217,7.05,2.03,0.62,0.296,78.8 %,48.9 %,7.9 %,3.27,3.65,4.6
,2007,Tim,Hudson,Braves,224.1,5.3,2.13,0.4,0.292,72.8 %,62.0 %,6.5 %,3.46,3.74,4.6
,2004,Mark,Buehrle,White Sox,245.1,6.05,1.87,1.21,0.295,73.0 %,49.4 %,13.2 %,4.17,3.87,4.6
,2011,Chris,Carpenter,Cardinals,237.1,7.24,2.09,0.61,0.312,73.2 %,46.6 %,7.5 %,3.06,3.31,4.6
,2008,Aaron,Cook,Rockies,211.1,4.09,2.04,0.55,0.308,68.9 %,55.9 %,7.6 %,3.76,4.02,4.6
,2002,Jarrod,Washburn,Angels,206,6.07,2.58,0.83,0.259,77.8 %,31.4 %,6.0 %,3.71,4.65,4.6
,2002,David,Wells,Yankees,206.1,5.98,1.96,0.92,0.284,69.4 %,42.6 %,8.4 %,3.68,4.05,4.6
,2012,R.A.,Dickey,Mets,233.2,8.86,2.08,0.92,0.275,80.0 %,46.1 %,11.3 %,3.27,3.27,4.6
,2011,Brandon,McCarthy,Athletics,170.2,6.49,1.32,0.58,0.296,67.6 %,46.7 %,6.4 %,2.86,3.3,4.5
,2012,Wade,Miley,Diamondbacks,194.2,6.66,1.71,0.65,0.293,72.0 %,43.3 %,6.9 %,3.15,3.75,4.5
,2011,Cole,Hamels,Phillies,216,8.08,1.83,0.79,0.255,78.4 %,52.3 %,9.9 %,3.05,3.02,4.5
,2005,A.J.,Burnett,Marlins,209,8.53,3.4,0.52,0.298,68.3 %,58.4 %,9.4 %,3.11,3.2,4.5
,2000,Curt,Schilling,- - -,210.1,7.19,1.93,1.16,0.285,75.4 %, , ,3.86, ,4.5
,2010,Clayton,Kershaw,Dodgers,204.1,9.34,3.57,0.57,0.275,76.2 %,40.1 %,5.8 %,3.12,3.64,4.5
,2012,Max,Scherzer,Tigers,187.2,11.08,2.88,1.1,0.333,76.5 %,36.5 %,11.6 %,3.27,3.23,4.5
,2011,James,Shields,Rays,249.1,8.12,2.35,0.94,0.258,79.6 %,46.2 %,11.1 %,3.42,3.25,4.5
,2000,Bartolo,Colon,Indians,188,10.15,4.69,1.01,0.301,76.0 %, , ,3.96, ,4.5
,2012,Jake,Peavy,White Sox,219,7.97,2.01,1.11,0.272,76.3 %,36.5 %,9.7 %,3.73,3.99,4.5
,2000,Tom,Glavine,Braves,241,5.68,2.43,0.9,0.265,73.8 %, , ,4.03, ,4.5
,2003,Barry,Zito,Athletics,231.2,5.67,3.42,0.74,0.239,71.8 %,39.3 %,6.4 %,4.05,4.85,4.5
,2003,Kevin,Millwood,Phillies,222,6.85,2.76,0.77,0.285,70.1 %,39.3 %,7.9 %,3.59,4.07,4.5
,2010,Yovani,Gallardo,Brewers,185,9.73,3.65,0.58,0.324,69.8 %,43.0 %,7.1 %,3.02,3.29,4.5
,2000,Dave,Burba,Indians,191.1,8.47,4.28,0.89,0.324,72.7 %, , ,4, ,4.5
,2004,Kelvim,Escobar,Angels,208.1,8.25,3.28,0.91,0.293,74.9 %,42.4 %,8.9 %,3.72,4.03,4.5
,2008,Derek,Lowe,Dodgers,211,6.27,1.92,0.6,0.28,70.8 %,60.3 %,9.5 %,3.26,3.32,4.5
,2007,Johan,Santana,Twins,219,9.66,2.14,1.36,0.271,78.3 %,38.0 %,13.1 %,3.82,3.3,4.5
,2002,Javier,Vazquez,Expos,230.1,6.99,1.91,1.09,0.302,72.0 %,39.6 %,9.8 %,3.68,3.81,4.4
,2003,Carlos,Zambrano,Cubs,214,7.07,3.95,0.38,0.286,73.0 %,55.4 %,6.4 %,3.47,3.88,4.4
,2002,Bartolo,Colon,- - -,233.1,5.75,2.7,0.77,0.274,78.3 %,46.4 %,8.1 %,3.73,4.07,4.4
,2003,John,Thomson,Rangers,217,5.64,2.03,1.12,0.298,65.0 %,44.7 %,12.6 %,4.13,3.95,4.4
,2002,Mark,Buehrle,White Sox,239,5.05,2.3,0.94,0.277,74.7 %,46.6 %,10.3 %,4,4.05,4.4
,2006,Jason,Jennings,Rockies,212,6.03,3.61,0.72,0.289,74.0 %,43.8 %,7.0 %,4.09,4.67,4.4
,2012,Cole,Hamels,Phillies,215.1,9.03,2.17,1,0.29,78.1 %,43.4 %,11.9 %,3.3,3.23,4.4
,2002,Roger,Clemens,Yankees,180,9.6,3.15,0.9,0.316,68.3 %,43.5 %,10.5 %,3.3,3.31,4.4
,2004,Rich,Harden,Athletics,189.2,7.92,3.84,0.76,0.289,70.9 %,44.9 %,7.9 %,3.71,4.14,4.4
,2004,Oliver,Perez,Pirates,196,10.97,3.72,1.01,0.271,80.3 %,35.3 %,9.8 %,3.45,3.62,4.4
,2000,Livan,Hernandez,Giants,240,6.19,2.74,0.82,0.303,72.3 %, , ,3.91, ,4.4
,2000,Al,Leiter,Mets,208,8.65,3.29,0.82,0.276,75.7 %, , ,3.65, ,4.4
,2004,Carlos,Zambrano,Cubs,209.2,8.07,3.48,0.6,0.274,79.1 %,50.7 %,7.7 %,3.57,3.93,4.4
,2002,Jason,Schmidt,Giants,185.1,9.52,3.54,0.73,0.275,71.8 %,35.1 %,7.3 %,3.11,3.59,4.4
,2002,Kevin,Millwood,Braves,217,7.38,2.7,0.66,0.271,74.4 %,44.4 %,8.0 %,3.29,3.61,4.4
,2003,Brandon,Webb,Diamondbacks,180.2,8.57,3.39,0.6,0.264,76.4 %,63.9 %,15.4 %,3.34,3.1,4.4
,2001,Brad,Penny,Marlins,205,6.76,2.37,0.66,0.279,68.2 %, , ,3.39, ,4.4
,2005,Bartolo,Colon,Angels,222.2,6.35,1.74,1.05,0.279,74.8 %,41.2 %,9.6 %,3.75,3.91,4.4
,2007,Roy,Oswalt,Astros,212,6.54,2.55,0.59,0.307,77.5 %,53.0 %,6.7 %,3.59,3.97,4.4
,2002,Chuck,Finley,- - -,190.2,8.21,3.68,0.61,0.313,67.7 %,50.4 %,8.4 %,3.27,3.5,4.4
,2003,Woody,Williams,Cardinals,220.2,6.24,2.24,0.82,0.284,71.7 %,37.6 %,7.3 %,3.72,4.35,4.3
,2001,Russ,Ortiz,Giants,218.2,6.96,3.75,0.54,0.273,72.4 %, , ,3.52, ,4.3
,2000,Glendon,Rusch,Mets,190.2,7.41,2.08,0.85,0.308,70.2 %, , ,3.5, ,4.3
,2005,Randy,Johnson,Yankees,225.2,8.42,1.87,1.28,0.283,74.1 %,44.9 %,13.1 %,3.78,3.43,4.3
,2007,Andy,Pettitte,Yankees,215.1,5.89,2.88,0.67,0.322,70.7 %,47.7 %,7.0 %,3.87,4.23,4.3
,2000,Pedro,Astacio,Rockies,196.1,8.85,3.53,1.47,0.332,71.9 %, , ,4.69, ,4.3
,2003,Miguel,Batista,Diamondbacks,193.1,6.61,2.79,0.61,0.307,72.9 %,52.1 %,8.3 %,3.49,3.8,4.3
,2010,Roy,Oswalt,- - -,211.2,8.21,2.34,0.81,0.253,77.8 %,45.7 %,9.1 %,3.27,3.31,4.3
,2007,James,Shields,Devil Rays,215,7.7,1.51,1.17,0.282,71.8 %,43.4 %,11.1 %,3.86,3.65,4.3
,2008,Cole,Hamels,Phillies,227.1,7.76,2.1,1.11,0.259,76.0 %,39.5 %,11.2 %,3.72,3.58,4.3
,2008,Mark,Buehrle,White Sox,218.2,5.76,2.14,0.91,0.312,71.8 %,49.6 %,9.9 %,3.94,3.98,4.3
,2005,Esteban,Loaiza,Nationals,217,7.18,2.28,0.75,0.316,74.1 %,43.7 %,8.0 %,3.33,3.69,4.3
,2011,David,Price,Rays,224.1,8.75,2.53,0.88,0.281,73.3 %,44.3 %,9.7 %,3.32,3.32,4.3
,2009,Joel,Pineiro,Cardinals,214,4.42,1.14,0.46,0.29,66.9 %,60.5 %,6.5 %,3.27,3.64,4.3
,2011,Justin,Masterson,Indians,216,6.58,2.71,0.46,0.302,72.9 %,55.1 %,6.3 %,3.28,3.64,4.3
,2000,Aaron,Sele,Mariners,211.2,5.83,3.15,0.72,0.302,68.8 %, , ,4, ,4.3
,2008,Ben,Sheets,Brewers,198.1,7.17,2.13,0.77,0.278,75.5 %,40.6 %,7.0 %,3.38,3.88,4.3
,2007,Gil,Meche,Royals,216,6.5,2.58,0.92,0.296,73.4 %,46.8 %,9.2 %,4.02,4.09,4.3
,2004,Jaret,Wright,Braves,186.1,7.68,3.38,0.53,0.292,71.8 %,46.0 %,5.9 %,3.29,3.95,4.3
,2006,Kelvim,Escobar,Angels,189.1,6.99,2.38,0.81,0.306,68.9 %,44.7 %,8.1 %,3.62,4,4.3
,2010,C.J.,Wilson,Rangers,204,7.5,4.1,0.44,0.266,72.4 %,49.2 %,5.3 %,3.56,4.06,4.3
,2010,John,Danks,White Sox,213,6.85,2.96,0.76,0.274,71.5 %,45.4 %,7.4 %,3.7,3.99,4.3
,2003,Livan,Hernandez,Expos,233.1,6.87,2.2,1.04,0.285,78.7 %,45.4 %,12.2 %,3.87,3.75,4.3
,2002,Mark,Redman,Tigers,203,4.83,2.26,0.67,0.29,65.2 %,39.9 %,5.5 %,3.69,4.59,4.3
,2002,A.J.,Burnett,Marlins,204.1,8.94,3.96,0.53,0.266,71.4 %,42.8 %,6.1 %,3.19,3.77,4.3
,2010,Anibal,Sanchez,Marlins,195,7.25,3.23,0.46,0.305,70.6 %,45.1 %,4.5 %,3.32,4.04,4.2
,2009,Gavin,Floyd,White Sox,193,7.6,2.75,0.98,0.284,69.7 %,44.3 %,11.2 %,3.77,3.64,4.2
,2002,Matt,Clement,Cubs,205,9.44,3.73,0.79,0.27,74.2 %,49.2 %,10.8 %,3.34,3.32,4.2
,2010,Tim,Lincecum,Giants,212.1,9.79,3.22,0.76,0.31,76.5 %,48.9 %,9.9 %,3.15,3.09,4.2
,2011,Matt,Harrison,Rangers,185.2,6.11,2.76,0.63,0.29,72.3 %,47.5 %,7.1 %,3.52,3.85,4.2
,2010,Tommy,Hanson,Braves,202.2,7.68,2.49,0.62,0.286,71.4 %,41.8 %,5.8 %,3.31,3.87,4.2
,2005,Cliff,Lee,Indians,202,6.37,2.32,0.98,0.277,72.0 %,35.6 %,7.9 %,3.79,4.27,4.2
,2001,Darryl,Kile,Cardinals,227.1,7.09,2.57,0.87,0.303,80.9 %, , ,3.74, ,4.2
,2003,Mark,Buehrle,White Sox,230.1,4.65,2.38,0.86,0.296,67.3 %,43.7 %,8.6 %,4.1,4.48,4.2
,2004,Doug,Davis,Brewers,207.1,7.21,3.43,0.61,0.29,75.1 %,47.8 %,6.9 %,3.57,4.09,4.2
,2005,Aaron,Harang,Reds,211.2,6.93,2.17,0.94,0.303,74.6 %,39.3 %,8.8 %,3.67,3.94,4.2
,2003,Sidney,Ponson,- - -,216,5.58,2.54,0.67,0.286,71.9 %,52.6 %,8.0 %,3.67,4.06,4.2
,2000,Mike,Hampton,Mets,217.2,6.24,4.09,0.41,0.278,73.9 %, , ,3.82, ,4.2
,2003,Tim,Wakefield,Red Sox,202.1,7.52,3.16,1.02,0.285,69.7 %,40.3 %,9.7 %,4.07,4.31,4.2
,2011,Josh,Beckett,Red Sox,193,8.16,2.42,0.98,0.245,80.0 %,40.1 %,9.6 %,3.57,3.58,4.2
,2006,Jose,Contreras,White Sox,196,6.15,2.53,0.92,0.283,68.4 %,44.6 %,8.3 %,4.1,4.51,4.2
,2006,Greg,Maddux,- - -,210,5.01,1.59,0.86,0.289,64.5 %,50.7 %,10.4 %,3.8,3.85,4.2
,2006,Bronson,Arroyo,Reds,240.2,6.88,2.39,1.16,0.27,78.0 %,38.2 %,10.5 %,4.15,4.2,4.1
,2009,Jered,Weaver,Angels,211,7.42,2.82,1.11,0.278,76.2 %,30.9 %,8.3 %,4.04,4.4,4.1
,2009,Clayton,Kershaw,Dodgers,171,9.74,4.79,0.37,0.269,77.5 %,39.4 %,4.1 %,3.08,3.85,4.1
,2002,Jeff,Weaver,- - -,199.2,5.95,2.16,0.72,0.28,71.4 %,44.0 %,7.1 %,3.57,4.08,4.1
,2004,Livan,Hernandez,Expos,255,6.56,2.93,0.92,0.278,76.4 %,45.8 %,9.9 %,4.01,4.15,4.1
,2001,Jon,Lieber,Cubs,232.1,5.73,1.59,0.97,0.273,71.1 %, , ,3.79, ,4.1
,2009,Ricky,Nolasco,Marlins,185,9.49,2.14,1.12,0.317,61.0 %,38.3 %,11.0 %,3.35,3.23,4.1
,2004,Ryan,Drese,Rangers,207.2,4.25,2.51,0.69,0.304,70.8 %,54.2 %,9.2 %,4.1,4.29,4.1
,2006,Chien-Ming,Wang,Yankees,218,3.14,2.15,0.5,0.292,72.2 %,62.8 %,7.8 %,3.91,4.19,4.1
,2010,Hiroki,Kuroda,Dodgers,196.1,7.29,2.2,0.69,0.283,68.9 %,51.1 %,8.0 %,3.26,3.43,4.1
,2010,Dan,Haren,- - -,235,8.27,2.07,1.19,0.311,74.4 %,40.5 %,10.8 %,3.71,3.49,4.1
,2004,Bronson,Arroyo,Red Sox,178.2,7.15,2.37,0.86,0.286,64.9 %,41.3 %,8.0 %,3.82,4.28,4.1
,2008,Chad,Billingsley,Dodgers,200.2,9.01,3.59,0.63,0.313,78.0 %,49.0 %,8.1 %,3.35,3.58,4.1
,2005,Freddy,Garcia,White Sox,228,5.76,2.37,1.03,0.281,73.9 %,48.8 %,11.8 %,4.05,3.91,4.1
,2008,Andy,Pettitte,Yankees,204,6.97,2.43,0.84,0.333,68.2 %,51.5 %,10.3 %,3.71,3.68,4.1
,2006,Derek,Lowe,Dodgers,218,5.08,2.27,0.58,0.289,70.4 %,67.0 %,11.2 %,3.68,3.65,4.1
,2007,Matt,Cain,Giants,200,7.34,3.56,0.63,0.278,72.9 %,39.4 %,5.5 %,3.78,4.47,4
,2002,Odalis,Perez,Dodgers,222.1,6.27,1.54,0.85,0.247,76.1 %,46.1 %,9.8 %,3.36,3.47,4
,2010,Gavin,Floyd,White Sox,187.1,7.25,2.79,0.67,0.325,70.3 %,49.9 %,7.6 %,3.46,3.69,4
,2007,Chien-Ming,Wang,Yankees,199.1,4.7,2.66,0.41,0.295,71.8 %,58.4 %,6.0 %,3.79,4.15,4
,2005,Josh,Towers,Blue Jays,208.2,4.83,1.25,1.04,0.302,71.7 %,43.8 %,9.1 %,3.94,4.19,4
,2001,Jeff,Weaver,Tigers,229.1,5.97,2.67,0.75,0.295,69.2 %, , ,3.87, ,4
,2005,Carlos,Zambrano,Cubs,223.1,8.14,3.47,0.85,0.252,75.0 %,50.0 %,12.0 %,3.7,3.55,4
,2012,Adam,Wainwright,Cardinals,198.2,8.34,2.36,0.68,0.315,67.8 %,50.8 %,9.9 %,3.1,3.23,4
,2000,Jon,Lieber,Cubs,251,6.88,1.94,1.29,0.281,69.6 %, , ,4.23, ,4
,2007,Brad,Penny,Dodgers,208,5.84,3.16,0.39,0.295,76.4 %,48.7 %,4.7 %,3.63,4.23,4
,2010,Mat,Latos,Padres,184.2,9.21,2.44,0.78,0.273,77.4 %,44.7 %,8.0 %,3,3.21,4
,2005,John,Patterson,Nationals,198.1,8.39,2.95,0.86,0.282,79.4 %,30.2 %,7.5 %,3.46,3.98,4
,2006,Jake,Westbrook,Indians,211.1,4.64,2.34,0.64,0.322,70.2 %,60.8 %,9.5 %,3.88,4,4
,2004,Carl,Pavano,Marlins,222.1,5.63,1.98,0.65,0.282,76.9 %,48.2 %,7.2 %,3.54,4.03,4
,2010,Chad,Billingsley,Dodgers,191.2,8.03,3.24,0.38,0.301,71.0 %,49.6 %,4.5 %,3.07,3.67,4
,2004,Kenny,Rogers,Rangers,211.2,5.36,2.81,1.02,0.315,71.2 %,43.5 %,9.4 %,4.4,4.63,4
,2007,Justin,Verlander,Tigers,201.2,8.17,2.99,0.89,0.279,74.9 %,41.1 %,8.5 %,3.99,4.17,4
,2002,Mark,Mulder,Athletics,207.1,6.9,2.39,0.91,0.261,73.2 %,50.2 %,11.2 %,3.7,3.63,4
,2001,Bartolo,Colon,Indians,222.1,8.14,3.64,1.05,0.309,74.8 %, , ,4, ,4
,2008,Ricky,Nolasco,Marlins,212.1,7.88,1.78,1.19,0.271,75.7 %,38.8 %,10.6 %,3.77,3.69,3.9
,2008,Ubaldo,Jimenez,Rockies,198.2,7.79,4.67,0.5,0.299,70.8 %,54.4 %,6.9 %,3.83,4.16,3.9
,2006,Dan,Haren,Athletics,223,7.1,1.82,1.25,0.289,72.2 %,45.2 %,12.5 %,4.12,3.87,3.9
,2005,CC,Sabathia,Indians,196.2,7.37,2.84,0.87,0.289,71.2 %,49.5 %,10.6 %,3.69,3.69,3.9
,2010,Matt,Cain,Giants,223.1,7.13,2.46,0.89,0.252,75.3 %,36.2 %,7.4 %,3.65,4,3.9
,2008,Edinson,Volquez,Reds,196,9.46,4.27,0.64,0.299,75.5 %,46.3 %,8.0 %,3.6,3.84,3.9
,2010,David,Price,Rays,208.2,8.11,3.41,0.65,0.27,78.5 %,43.7 %,6.5 %,3.42,3.83,3.9
,2012,James,Shields,Rays,227.2,8.82,2.29,0.99,0.292,71.9 %,52.3 %,13.4 %,3.47,3.24,3.9
,2003,Kerry,Wood,Cubs,211,11.35,4.27,1.02,0.269,81.9 %,41.5 %,13.2 %,3.71,3.49,3.9
,2002,Matt,Morris,Cardinals,210.1,7.32,2.74,0.68,0.306,75.3 %,50.4 %,8.6 %,3.32,3.55,3.9
,2000,Kevin,Millwood,Braves,212.2,7.11,2.62,1.1,0.29,67.5 %, , ,4.06, ,3.9
,2010,John,Lackey,Red Sox,215,6.53,3.01,0.75,0.319,69.3 %,45.6 %,7.3 %,3.85,4.15,3.9
,2008,James,Shields,Rays,215,6.7,1.67,1,0.287,73.3 %,46.3 %,9.8 %,3.82,3.87,3.9
,2006,Jason,Schmidt,Giants,213.1,7.59,3.38,0.89,0.277,73.7 %,37.4 %,7.9 %,3.95,4.42,3.9
,2001,Doug,Davis,Rangers,186,5.56,3.34,0.68,0.329,69.4 %, , ,3.95, ,3.9
,2001,Mark,Buehrle,White Sox,221.1,5.12,1.95,0.98,0.242,73.7 %, , ,4.08, ,3.9
,2003,Mark,Redman,Marlins,190.2,7.13,2.88,0.76,0.274,72.4 %,39.2 %,7.1 %,3.58,4.21,3.9
,2009,Scott,Baker,Twins,200,7.29,2.16,1.26,0.276,70.5 %,33.4 %,9.7 %,4.08,4.15,3.9
,2005,Josh,Beckett,Marlins,178.2,8.36,2.92,0.71,0.287,72.1 %,42.7 %,8.2 %,3.27,3.57,3.9
,2006,Aaron,Cook,Rockies,212.2,3.89,2.33,0.72,0.302,70.3 %,57.8 %,9.6 %,4.2,4.33,3.9
,2003,David,Wells,Yankees,213,4.27,0.85,1.01,0.297,71.5 %,43.0 %,10.0 %,3.94,4.11,3.8
,2005,Chris,Young,Rangers,164.2,7.49,2.46,1.04,0.291,69.4 %,32.7 %,7.7 %,3.8,4.37,3.8
,2007,Jeff,Francis,Rockies,215.1,6.9,2.63,1.04,0.316,74.7 %,44.4 %,10.0 %,4.19,4.13,3.8
,2000,Andy,Pettitte,Yankees,204.2,5.5,3.52,0.75,0.298,68.8 %, , ,4.22, ,3.8
,2006,Matt,Cain,Giants,190.2,8.45,4.11,0.85,0.263,69.8 %,35.6 %,7.1 %,3.96,4.59,3.8
,2004,Kris,Benson,- - -,200.1,6.02,2.74,0.67,0.295,66.3 %,42.2 %,6.2 %,3.75,4.48,3.8
,2005,David,Wells,Red Sox,184,5.23,1.03,1.03,0.32,70.3 %,48.2 %,11.0 %,3.83,3.78,3.8
,2012,Matt,Cain,Giants,219.1,7.92,2.09,0.86,0.259,79.0 %,37.4 %,8.4 %,3.4,3.82,3.8
,2006,Carlos,Zambrano,Cubs,214,8.83,4.84,0.84,0.252,75.6 %,46.9 %,10.0 %,4.14,4.24,3.8
,2010,Max,Scherzer,Tigers,195.2,8.46,3.22,0.92,0.297,74.9 %,40.3 %,9.6 %,3.71,3.68,3.8
,2011,Tim,Lincecum,Giants,217,9.12,3.57,0.62,0.281,78.5 %,47.9 %,8.0 %,3.17,3.36,3.8
,2005,Dan,Haren,Athletics,217,6.76,2.2,1.08,0.287,72.5 %,46.4 %,12.3 %,3.89,3.67,3.8
,2002,CC,Sabathia,Indians,210,6.39,3.77,0.73,0.285,67.6 %,44.3 %,7.4 %,3.87,4.32,3.8
,2007,Daisuke,Matsuzaka,Red Sox,204.2,8.84,3.52,1.1,0.299,73.9 %,38.4 %,10.0 %,4.23,4.17,3.8
,2002,Paul,Byrd,Royals,228.1,5.08,1.5,1.42,0.259,72.3 %,35.7 %,10.7 %,4.47,4.46,3.8
,2000,Darryl,Kile,Cardinals,232.1,7.44,2.25,1.28,0.274,73.8 %, , ,4.24, ,3.8
,2002,Eric,Milton,Twins,171,6.37,1.58,1.26,0.282,63.8 %,31.4 %,9.6 %,3.95,4.16,3.8
,2000,Kris,Benson,Pirates,217.2,7.61,3.56,0.99,0.288,73.8 %, , ,4.2, ,3.8
,2006,Chris,Capuano,Brewers,221.1,7.08,1.91,1.18,0.295,72.4 %,39.9 %,10.5 %,4.04,4.08,3.8
,2003,Jamie,Moyer,Mariners,215,5.4,2.76,0.8,0.267,77.1 %,38.3 %,6.6 %,4.01,4.82,3.8
,2010,Brett,Myers,Astros,223.2,7.24,2.66,0.8,0.288,76.3 %,48.7 %,8.5 %,3.56,3.67,3.8
,2011,Alexi,Ogando,Rangers,169,6.71,2.29,0.85,0.265,71.4 %,36.4 %,7.8 %,3.65,3.94,3.8
,2006,Jake,Peavy,Padres,202.1,9.56,2.76,1.02,0.304,72.7 %,38.0 %,9.6 %,3.51,3.7,3.8
,2010,Mark,Buehrle,White Sox,210.1,4.24,2.1,0.73,0.313,70.2 %,45.7 %,6.0 %,3.9,4.49,3.8
,2001,Joe,Mays,Twins,233.2,4.74,2.47,0.96,0.243,78.2 %, , ,4.27, ,3.8
,2010,Jason,Hammel,Rockies,177.2,7.14,2.38,0.91,0.328,68.6 %,46.7 %,9.7 %,3.7,3.66,3.8
,2005,Scott,Kazmir,Devil Rays,186,8.42,4.84,0.58,0.307,72.4 %,42.3 %,6.0 %,3.76,4.41,3.8
,2001,Terry,Adams,Dodgers,166.1,7.63,2.92,0.49,0.325,67.0 %, , ,3.09, ,3.7
,2002,Cory,Lidle,Athletics,192,5.2,1.83,0.8,0.279,68.8 %,47.3 %,9.0 %,3.66,3.86,3.7
,2002,Randy,Wolf,Phillies,210.2,7.35,2.69,0.98,0.253,78.7 %,40.0 %,9.6 %,3.75,3.9,3.7
,2005,Kevin,Millwood,Indians,192,6.84,2.44,0.94,0.281,79.1 %,46.0 %,10.3 %,3.73,3.77,3.7
,2007,Ted,Lilly,Cubs,207,7.57,2.39,1.22,0.261,74.1 %,33.7 %,9.7 %,4.16,4.16,3.7
,2002,Greg,Maddux,Braves,199.1,5.33,2.03,0.63,0.282,78.8 %,56.4 %,9.0 %,3.43,3.59,3.7
,2004,Jon,Lieber,Yankees,176.2,5.2,0.92,1.02,0.323,67.8 %,48.2 %,9.6 %,3.71,3.91,3.7
,2007,Cole,Hamels,Phillies,183.1,8.69,2.11,1.23,0.279,78.7 %,41.9 %,12.8 %,3.83,3.4,3.7
,2003,Kelvim,Escobar,Blue Jays,180.1,7.94,3.89,0.75,0.325,71.4 %,48.1 %,9.0 %,3.8,4.07,3.7
,2002,Jamie,Moyer,Mariners,230.2,5.74,1.95,1.09,0.244,77.1 %,36.3 %,9.2 %,4.03,4.28,3.7
,2006,Vicente,Padilla,Rangers,200,7.02,3.15,0.94,0.304,70.2 %,44.1 %,9.9 %,4.26,4.38,3.7
,2012,Matt,Harrison,Rangers,213.1,5.61,2.49,0.93,0.284,78.6 %,49.0 %,10.5 %,4.03,4.13,3.7
,2001,Pedro,Astacio,- - -,169.2,7.64,2.86,1.17,0.318,67.7 %, , ,4.22, ,3.7
,2007,Roberto,Hernandez,Indians,215,5.73,2.55,0.67,0.28,77.6 %,64.3 %,11.1 %,3.94,3.81,3.7
,2010,Ricky,Romero,Blue Jays,210,7.46,3.51,0.64,0.289,70.2 %,55.2 %,9.4 %,3.64,3.64,3.7
,2009,Jair,Jurrjens,Braves,215,6.36,3.14,0.63,0.268,79.4 %,42.9 %,6.1 %,3.68,4.28,3.7
,2006,Jon,Garland,White Sox,211.1,4.77,1.75,1.11,0.309,70.7 %,42.1 %,9.5 %,4.35,4.58,3.7
,2008,Randy,Johnson,Diamondbacks,184,8.46,2.15,1.17,0.301,70.9 %,40.2 %,10.8 %,3.76,3.66,3.7
,2006,Jeff,Francis,Rockies,199,5.29,3.12,0.81,0.27,68.9 %,44.7 %,7.9 %,4.38,4.83,3.7
,2012,Hiroki,Kuroda,Yankees,219.2,6.84,2.09,1.02,0.281,77.7 %,52.3 %,13.0 %,3.86,3.67,3.7
,2008,Andy,Sonnanstine,Rays,193.1,5.77,1.72,0.98,0.302,66.3 %,42.1 %,8.0 %,3.91,4.29,3.7
,2007,Felix,Hernandez,Mariners,190.1,7.8,2.51,0.95,0.333,74.7 %,60.8 %,15.0 %,3.75,3.27,3.7
,2009,Jason,Hammel,Rockies,176.2,6.78,2.14,0.87,0.326,69.5 %,46.2 %,9.7 %,3.71,3.76,3.7
,2009,Ted,Lilly,Cubs,177,7.68,1.83,1.12,0.261,77.8 %,31.9 %,8.7 %,3.65,3.9,3.7
,2009,Carl,Pavano,- - -,199.1,6.64,1.76,1.17,0.329,66.1 %,43.4 %,10.7 %,4,3.89,3.7
,2001,Kerry,Wood,Cubs,174.1,11.2,4.75,0.83,0.274,77.0 %, , ,3.51, ,3.7
,2009,Carlos,Zambrano,Cubs,169.1,8.08,4.15,0.53,0.3,71.9 %,44.7 %,5.6 %,3.61,4.22,3.7
,2007,Jon,Garland,White Sox,208.1,4.23,2.46,0.82,0.284,65.5 %,39.4 %,7.1 %,4.36,4.79,3.7
,2009,Edwin,Jackson,Tigers,214,6.77,2.94,1.14,0.276,76.7 %,39.1 %,9.9 %,4.28,4.32,3.7
,2005,Kenny,Rogers,Rangers,195.1,4.01,2.44,0.69,0.286,73.5 %,46.3 %,6.8 %,4.06,4.62,3.6
,2001,Tony,Armas,Jr.,196.2,8.05,4.16,0.82,0.291,70.4 %, , ,3.99, ,3.6
,2000,Mike,Sirotka,White Sox,197,5.85,3.15,1.05,0.295,71.4 %, , ,4.42, ,3.6
,2009,Wandy,Rodriguez,Astros,205.2,8.45,2.76,0.92,0.302,79.4 %,44.9 %,9.9 %,3.54,3.57,3.6
,2009,Cole,Hamels,Phillies,193.2,7.81,2,1.12,0.317,72.1 %,40.4 %,10.7 %,3.72,3.63,3.6
,2004,Jake,Peavy,Padres,166.1,9.36,2.87,0.7,0.3,83.9 %,42.4 %,7.9 %,3.14,3.52,3.6
,2009,Brett,Anderson,Athletics,175.1,7.7,2.31,1.03,0.309,67.0 %,50.9 %,11.1 %,3.69,3.56,3.6
,2004,Jeff,Weaver,Dodgers,220,6.26,2.74,0.78,0.293,72.1 %,40.0 %,7.0 %,3.89,4.51,3.6
,2001,Hideo,Nomo,Red Sox,198,10,4.36,1.18,0.288,70.6 %, , ,4.03, ,3.6
,2012,Anibal,Sanchez,- - -,195.2,7.68,2.21,0.92,0.31,70.2 %,46.4 %,10.7 %,3.53,3.6,3.6
,2008,Matt,Cain,Giants,217.2,7.69,3.76,0.79,0.297,75.3 %,33.2 %,6.8 %,3.91,4.46,3.6
,2003,CC,Sabathia,Indians,197.2,6.42,3.01,0.87,0.285,75.2 %,40.4 %,9.1 %,3.95,4.23,3.6
,2005,Paul,Byrd,Angels,204.1,4.49,1.23,0.97,0.284,70.8 %,37.8 %,7.6 %,3.94,4.48,3.6
,2006,Dave,Bush,Brewers,210,7.11,1.63,1.11,0.282,66.2 %,46.6 %,12.1 %,3.98,3.8,3.6
,2008,Jered,Weaver,Angels,176.2,7.74,2.75,1.02,0.298,70.7 %,32.6 %,8.3 %,3.9,4.22,3.6
,2007,Chris,Young,Padres,173,8.69,3.75,0.52,0.241,71.6 %,29.1 %,4.1 %,3.43,4.44,3.6
,2000,Roger,Clemens,Yankees,204.1,8.28,3.7,1.15,0.277,75.3 %, , ,4.33, ,3.6
,2008,Scott,Baker,Twins,172.1,7.36,2.19,1.04,0.284,78.7 %,32.9 %,8.5 %,3.79,4.08,3.6
,2011,Anibal,Sanchez,Marlins,196.1,9.26,2.93,0.92,0.31,75.0 %,44.3 %,10.4 %,3.35,3.25,3.6
,2011,Edwin,Jackson,- - -,199.2,6.67,2.79,0.72,0.33,73.9 %,43.8 %,8.2 %,3.55,3.73,3.6
,2009,Ryan,Dempster,Cubs,200,7.74,2.93,0.99,0.302,73.2 %,47.2 %,11.0 %,3.87,3.76,3.6
,2005,Noah,Lowry,Giants,204.2,7.56,3.34,0.92,0.287,74.6 %,40.8 %,8.9 %,3.89,4.15,3.6
,2011,Jon,Lester,Red Sox,191.2,8.55,3.52,0.94,0.286,78.1 %,50.5 %,11.4 %,3.83,3.62,3.6
,2005,Jon,Garland,White Sox,221,4.68,1.91,1.06,0.263,75.4 %,46.2 %,11.7 %,4.24,4.1,3.6
,2001,Al,Leiter,Mets,187.1,6.82,2.21,0.86,0.285,72.5 %, , ,3.58, ,3.6
,2000,Tim,Hudson,Athletics,202.1,7.52,3.65,1.07,0.257,70.4 %, , ,4.33, ,3.6
,2009,Jorge,de,la,185,9.39,4.04,0.97,0.308,71.6 %,44.7 %,11.8 %,3.91,3.71,3.6
,2011,Derek,Holland,Rangers,198,7.36,3.05,1,0.305,72.8 %,46.4 %,11.0 %,3.94,3.76,3.6
,2006,Randy,Johnson,Yankees,205,7.55,2.63,1.23,0.281,61.8 %,41.7 %,10.8 %,4.27,4.27,3.5
,2003,Greg,Maddux,Braves,218.1,5.11,1.36,0.99,0.282,66.3 %,50.7 %,13.0 %,3.89,3.69,3.5
,2012,Jarrod,Parker,Athletics,181.1,6.95,3.13,0.55,0.29,74.3 %,44.3 %,6.8 %,3.43,3.95,3.5
,2010,Shaun,Marcum,Blue Jays,195.1,7.6,1.98,1.11,0.279,74.3 %,38.4 %,9.6 %,3.74,3.71,3.5
,2011,Zack,Greinke,Brewers,171.2,10.54,2.36,1,0.318,69.8 %,47.3 %,13.6 %,2.98,2.56,3.5
,2009,Andy,Pettitte,Yankees,194.2,6.84,3.51,0.92,0.295,70.2 %,42.9 %,8.9 %,4.15,4.32,3.5
,2007,Dustin,McGowan,Blue Jays,169.2,7.64,3.24,0.74,0.273,68.1 %,53.0 %,9.2 %,3.73,3.79,3.5
,2007,Mark,Buehrle,White Sox,201,5.15,2.01,0.99,0.287,75.7 %,43.2 %,8.8 %,4.26,4.41,3.5
,2010,Clay,Buchholz,Red Sox,173.2,6.22,3.47,0.47,0.261,79.0 %,50.8 %,5.6 %,3.61,4.07,3.5
,2010,Cole,Hamels,Phillies,208.2,9.1,2.63,1.12,0.289,82.7 %,45.4 %,12.3 %,3.67,3.28,3.5
,2003,Ben,Sheets,Brewers,220.2,6.4,1.75,1.18,0.292,66.1 %,44.4 %,11.6 %,3.98,3.93,3.5
,2009,John,Lackey,Angels,176.1,7.09,2.4,0.87,0.299,71.2 %,44.9 %,9.1 %,3.73,3.87,3.5
,2009,Jason,Marquis,Rockies,216,4.79,3.33,0.62,0.287,70.5 %,55.6 %,7.8 %,4.1,4.37,3.5
,2005,Matt,Clement,Red Sox,191,6.88,3.2,0.85,0.299,69.4 %,45.4 %,9.0 %,4.04,4.25,3.5
,2010,Edwin,Jackson,- - -,209.1,7.78,3.35,0.9,0.313,69.6 %,49.4 %,10.6 %,3.86,3.71,3.5
,2011,Mark,Buehrle,White Sox,205.1,4.78,1.97,0.92,0.294,73.3 %,44.9 %,8.6 %,3.98,4.14,3.5
,2012,Kyle,Lohse,Cardinals,211,6.1,1.62,0.81,0.262,77.2 %,40.5 %,8.2 %,3.51,3.96,3.5
,2000,Eric,Milton,Twins,200,7.2,1.98,1.58,0.282,64.3 %, , ,4.57, ,3.5
,2002,Ben,Sheets,Brewers,216.2,7.06,2.91,0.87,0.326,73.7 %,46.3 %,10.8 %,3.76,3.75,3.5
,2009,James,Shields,Rays,219.2,6.84,2.13,1.19,0.308,71.2 %,42.3 %,11.2 %,4.02,3.85,3.5
,2001,Chan,Ho,Park,234,8.38,3.5,0.88,0.254,74.9 %, , ,3.89, ,3.5
,2011,Gavin,Floyd,White Sox,193.2,7.02,2.09,1.02,0.278,67.7 %,43.7 %,10.2 %,3.81,3.73,3.5
,2005,Jose,Contreras,White Sox,204.2,6.77,3.3,1.01,0.258,74.3 %,44.5 %,10.7 %,4.21,4.2,3.4
,2010,Wandy,Rodriguez,Astros,195,8.22,3.14,0.74,0.303,69.4 %,47.9 %,9.0 %,3.5,3.55,3.4
,2012,Josh,Johnson,Marlins,191.1,7.76,3.06,0.66,0.302,71.9 %,46.2 %,8.4 %,3.4,3.73,3.4
,2008,Jair,Jurrjens,Braves,188.1,6.64,3.35,0.53,0.301,71.0 %,51.5 %,7.1 %,3.59,3.92,3.4
,2000,Chris,Holt,Astros,207,5.91,3.26,0.96,0.333,66.5 %, , ,4.4, ,3.4
,2008,Felix,Hernandez,Mariners,200.2,7.85,3.59,0.76,0.314,76.7 %,52.1 %,9.9 %,3.8,3.83,3.4
,2003,Joel,Pineiro,Mariners,211.2,6.42,3.23,0.81,0.271,72.8 %,45.4 %,8.5 %,3.93,4.3,3.4
,2007,Adam,Wainwright,Cardinals,202,6.06,3.12,0.58,0.304,72.6 %,48.2 %,5.8 %,3.9,4.45,3.4
,2008,Daisuke,Matsuzaka,Red Sox,167.2,8.27,5.05,0.64,0.258,80.6 %,38.6 %,6.1 %,4.03,4.64,3.4
,2012,Jordan,Zimmermann,Nationals,195.2,7.04,1.98,0.83,0.288,79.3 %,43.4 %,9.2 %,3.51,3.78,3.4
,2000,Robert,Person,Phillies,173.1,8.52,4.93,0.67,0.282,75.8 %, , ,3.96, ,3.4
,2003,Kyle,Lohse,Twins,201,5.82,2.01,1.25,0.285,69.4 %,38.4 %,10.6 %,4.29,4.39,3.4
,2011,Tim,Hudson,Braves,215,6.61,2.34,0.59,0.273,72.4 %,56.7 %,8.7 %,3.39,3.49,3.4
,2005,Javier,Vazquez,Diamondbacks,215.2,8.01,1.92,1.46,0.3,72.0 %,42.3 %,16.3 %,4.06,3.32,3.4
,2004,Ted,Lilly,Blue Jays,197.1,7.66,4.06,1.19,0.261,75.8 %,35.1 %,10.0 %,4.5,4.67,3.4
,2005,Tom,Glavine,Mets,211.1,4.47,2.6,0.51,0.299,74.0 %,47.0 %,5.6 %,3.67,4.33,3.4
,2004,Jake,Westbrook,Indians,215.2,4.84,2.55,0.79,0.272,72.4 %,62.6 %,11.7 %,4.04,3.97,3.4
,2000,Brian,Moehler,Tigers,178,5.21,2.02,1.01,0.331,69.9 %, , ,4.15, ,3.4
,2011,Philip,Humber,White Sox,163,6.4,2.26,0.77,0.275,71.2 %,47.1 %,7.7 %,3.58,3.86,3.4
,2009,Scott,Feldman,Rangers,189.2,5.36,3.08,0.85,0.273,72.8 %,46.8 %,9.2 %,4.31,4.43,3.4
,2010,Johan,Santana,Mets,199,6.51,2.49,0.72,0.272,79.1 %,34.5 %,6.0 %,3.54,4.13,3.4
,2003,Brad,Radke,Twins,212.1,5.09,1.19,1.36,0.299,71.2 %,39.4 %,12.2 %,4.33,4.17,3.4
,2006,Felix,Hernandez,Mariners,191,8.29,2.83,1.08,0.312,68.2 %,57.7 %,16.4 %,3.91,3.37,3.3
,2005,Bronson,Arroyo,Red Sox,205.1,4.38,2.37,0.96,0.278,66.0 %,37.9 %,7.2 %,4.43,5.1,3.3
,2008,Justin,Verlander,Tigers,201,7.3,3.9,0.81,0.296,65.4 %,39.9 %,7.0 %,4.18,4.7,3.3
,2003,Darrell,May,Royals,210,4.93,2.27,1.33,0.249,73.8 %,32.2 %,9.7 %,4.64,4.94,3.3
,2002,Wade,Miller,Astros,164.2,7.87,3.39,0.77,0.297,78.2 %,44.2 %,9.0 %,3.56,3.76,3.3
,2011,Gio,Gonzalez,Athletics,202,8.78,4.05,0.76,0.287,77.1 %,47.5 %,8.9 %,3.64,3.73,3.3
,2005,Doug,Davis,Brewers,222.2,8.41,3.76,1.05,0.276,74.1 %,43.9 %,11.9 %,3.98,3.82,3.3
,2004,John,Lackey,Angels,198.1,6.53,2.72,1,0.311,69.4 %,44.2 %,9.0 %,4.07,4.38,3.3
,2006,Ervin,Santana,Angels,204,6.22,3.09,0.93,0.265,67.1 %,38.4 %,7.7 %,4.29,4.84,3.3
,2005,Jeremy,Bonderman,Tigers,189,6.9,2.71,1,0.31,69.0 %,47.5 %,10.8 %,3.9,3.87,3.3
,2005,Jake,Westbrook,Indians,210.2,5.08,2.39,0.81,0.287,62.9 %,61.7 %,15.0 %,3.96,3.62,3.3
,2010,Chris,Carpenter,Cardinals,235,6.86,2.41,0.8,0.278,73.3 %,51.1 %,9.3 %,3.69,3.7,3.3
,2002,Kenny,Rogers,Rangers,210.2,4.57,2.99,0.9,0.278,72.3 %,52.6 %,11.8 %,4.32,4.2,3.3
,2001,Rick,Reed,- - -,202.1,6.32,1.38,1.25,0.291,71.7 %, , ,3.98, ,3.3
,2011,Brandon,Morrow,Blue Jays,179.1,10.19,3.46,1.05,0.299,65.5 %,36.0 %,10.4 %,3.64,3.53,3.3
,2005,Cory,Lidle,Phillies,184.2,5.9,1.95,0.88,0.316,65.4 %,49.7 %,11.7 %,3.72,3.61,3.3
,2002,Brian,Lawrence,Padres,210,6.39,2.23,0.69,0.321,72.4 %,55.6 %,9.9 %,3.43,3.51,3.3
,2004,Barry,Zito,Athletics,213,6.89,3.42,1.18,0.291,71.2 %,37.1 %,9.7 %,4.5,4.72,3.3
,2006,Freddy,Garcia,White Sox,216.1,5.62,2,1.33,0.282,70.1 %,41.2 %,10.9 %,4.58,4.57,3.3
,2005,Gustavo,Chacin,Blue Jays,203,5.36,3.1,0.89,0.296,75.3 %,38.9 %,8.1 %,4.26,4.65,3.3
,2002,Freddy,Garcia,Mariners,223.2,7.28,2.54,1.21,0.292,73.2 %,41.2 %,12.0 %,4.01,3.82,3.3
,2003,Wade,Miller,Astros,187.1,7.73,3.7,0.82,0.284,68.8 %,45.1 %,9.6 %,3.89,4.09,3.3
,2002,Vicente,Padilla,Phillies,206,5.59,2.32,0.7,0.28,75.1 %,53.0 %,9.1 %,3.72,3.89,3.3
,2000,Esteban,Loaiza,- - -,199.1,6.19,2.57,1.31,0.313,72.3 %, , ,4.7, ,3.3
,2010,Dallas,Braden,Athletics,192.2,5.28,2.01,0.79,0.27,71.0 %,40.9 %,6.9 %,3.8,4.22,3.3
,2002,Tim,Wakefield,Red Sox,163.1,7.38,2.81,0.83,0.237,77.5 %,39.1 %,7.6 %,3.62,4.09,3.3
,2001,Randy,Wolf,Phillies,163,8.39,2.82,0.83,0.296,72.1 %, , ,3.5, ,3.3
,2006,Brett,Myers,Phillies,198,8.59,2.86,1.32,0.301,76.1 %,45.6 %,14.3 %,4.14,3.68,3.3
,2008,Hiroki,Kuroda,Dodgers,183.1,5.69,2.06,0.64,0.281,68.5 %,51.3 %,7.6 %,3.59,3.89,3.3
,2012,Jon,Lester,Red Sox,205.1,7.28,2.98,1.1,0.312,67.6 %,49.2 %,13.9 %,4.11,3.82,3.3
,2009,Mark,Buehrle,White Sox,213.1,4.43,1.9,1.14,0.282,74.7 %,45.2 %,10.7 %,4.46,4.37,3.3
,2006,Joe,Blanton,Athletics,194.1,4.96,2.69,0.79,0.335,68.9 %,43.1 %,6.8 %,4.16,4.83,3.3
,2009,Matt,Cain,Giants,217.2,7.07,3.02,0.91,0.263,81.6 %,38.9 %,8.4 %,3.89,4.16,3.2
,2011,Jaime,Garcia,Cardinals,194.2,7.21,2.31,0.69,0.318,66.8 %,53.6 %,8.9 %,3.23,3.31,3.2
,2004,Carlos,Silva,Twins,203,3.37,1.55,1.02,0.318,74.2 %,50.5 %,9.9 %,4.36,4.52,3.2
,2011,Ubaldo,Jimenez,- - -,188.1,8.6,3.73,0.81,0.314,65.0 %,47.2 %,9.3 %,3.67,3.71,3.2
,2011,Javier,Vazquez,Marlins,192.2,7.57,2.34,0.98,0.279,69.3 %,34.2 %,8.0 %,3.57,3.87,3.2
,2011,Jordan,Zimmermann,Nationals,161.1,6.92,1.73,0.67,0.291,74.2 %,39.4 %,5.9 %,3.16,3.78,3.2
,2008,Matt,Garza,Rays,184.2,6.24,2.88,0.93,0.27,72.9 %,41.7 %,8.4 %,4.14,4.42,3.2
,2011,Mat,Latos,Padres,194.1,8.57,2.87,0.74,0.284,71.4 %,42.8 %,7.3 %,3.16,3.52,3.2
,2001,Steve,Sparks,Tigers,232,4.5,2.48,0.85,0.287,72.0 %, , ,4.19, ,3.2
,2008,Kevin,Millwood,Rangers,168.2,6.67,2.61,0.96,0.355,68.5 %,40.7 %,9.3 %,4.02,4.14,3.2
,2006,Brad,Penny,Dodgers,189,7.05,2.57,0.9,0.321,72.2 %,43.5 %,8.9 %,3.89,4.17,3.2
,2011,John,Danks,White Sox,170.1,7.13,2.43,1,0.313,70.1 %,43.8 %,9.9 %,3.82,3.79,3.2
,2000,Jeff,Weaver,Tigers,200,6.12,2.34,1.17,0.289,72.2 %, , ,4.47, ,3.2
,2005,Greg,Maddux,Cubs,225,5.44,1.44,1.16,0.288,70.4 %,51.6 %,14.9 %,4.06,3.57,3.2
,2002,Tomo,Ohka,Expos,192.2,5.51,2.1,0.89,0.284,74.3 %,45.1 %,9.4 %,3.83,4.01,3.2
,2003,Ted,Lilly,Athletics,178.1,7.42,2.93,1.21,0.288,72.0 %,33.3 %,11.1 %,4.19,4.21,3.2
,2003,John,Burkett,Red Sox,181.2,5.3,2.33,0.99,0.302,65.2 %,40.5 %,9.4 %,4.21,4.49,3.2
,2011,Michael,Pineda,Mariners,171,9.11,2.89,0.95,0.258,69.7 %,36.3 %,9.0 %,3.42,3.53,3.2
,2007,Ian,Snell,Pirates,208,7.66,2.94,0.95,0.308,75.1 %,45.9 %,9.6 %,4.01,4.02,3.1
,2011,Ricky,Nolasco,Marlins,206,6.47,1.92,0.87,0.331,66.2 %,45.1 %,9.5 %,3.54,3.55,3.1
,2009,A.J.,Burnett,Yankees,207,8.48,4.22,1.09,0.295,75.9 %,42.8 %,10.8 %,4.33,4.23,3.1
,2005,Brad,Penny,Dodgers,175.1,6.26,2.1,0.87,0.303,73.6 %,46.6 %,9.1 %,3.64,3.85,3.1
,2008,Roy,Oswalt,Astros,208.2,7.12,2.03,0.99,0.285,74.6 %,50.3 %,12.7 %,3.8,3.51,3.1
,2012,Madison,Bumgarner,Giants,208.1,8.25,2.12,0.99,0.276,73.5 %,47.9 %,11.7 %,3.5,3.45,3.1
,2004,Joe,Kennedy,Rockies,162.1,6.49,3.71,0.94,0.294,79.4 %,48.1 %,10.1 %,4.35,4.46,3.1
,2005,Barry,Zito,Athletics,228.1,6.74,3.51,1.02,0.243,72.2 %,40.9 %,10.4 %,4.34,4.37,3.1
,2001,Kevin,Appier,Mets,206.2,7.49,2.79,0.96,0.273,74.6 %, , ,3.92, ,3.1
,2012,Ryan,Dempster,- - -,173,7.96,2.71,0.99,0.277,75.7 %,43.5 %,10.7 %,3.69,3.77,3.1
,2007,Greg,Maddux,Padres,198,4.73,1.14,0.64,0.304,68.9 %,51.5 %,7.1 %,3.58,3.9,3.1
,2003,Kenny,Rogers,Twins,195,5.35,2.31,1.02,0.314,70.0 %,39.6 %,10.3 %,4.25,4.38,3.1
,2004,John,Thomson,Braves,198.1,6.04,2.36,0.91,0.305,72.9 %,47.4 %,9.9 %,3.9,4.03,3.1
,2007,Rich,Hill,Cubs,195,8.45,2.91,1.25,0.271,75.3 %,36.0 %,11.7 %,4.32,4,3.1
,2004,Mike,Mussina,Yankees,164.2,7.21,2.19,1.2,0.311,68.2 %,43.8 %,12.3 %,3.95,3.76,3.1
,2002,Miguel,Batista,Diamondbacks,184.2,5.46,3.41,0.58,0.271,64.5 %,51.3 %,6.9 %,3.83,4.3,3.1
,2011,Yovani,Gallardo,Brewers,207.1,8.99,2.56,1.17,0.291,74.8 %,46.6 %,12.7 %,3.59,3.19,3.1
,2011,Shaun,Marcum,Brewers,200.2,7.09,2.56,0.99,0.261,73.6 %,37.2 %,8.7 %,3.73,3.89,3.1
,2000,Rick,Helling,Rangers,217,6.06,4.11,1.2,0.269,70.9 %, , ,5.02, ,3.1
,2000,Rick,Ankiel,Cardinals,175,9.98,4.63,1.08,0.274,75.2 %, , ,4.12, ,3.1
,2009,Randy,Wells,Cubs,165.1,5.66,2.5,0.76,0.288,76.0 %,47.9 %,8.0 %,3.88,4.18,3.1
,2004,CC,Sabathia,Indians,188,6.65,3.45,0.96,0.284,72.7 %,39.3 %,8.7 %,4.21,4.58,3.1
,2005,Brett,Myers,Phillies,215.1,8.69,2.84,1.3,0.276,77.9 %,46.3 %,16.8 %,4.06,3.37,3.1
,2005,Jason,Schmidt,Giants,172,8.63,4.45,0.84,0.296,70.3 %,38.3 %,8.1 %,3.88,4.25,3.1
,2007,Bronson,Arroyo,Reds,210.2,6.66,2.69,1.2,0.309,74.0 %,35.3 %,9.6 %,4.57,4.59,3.1
,2007,Jeremy,Bonderman,Tigers,174.1,7.49,2.48,1.19,0.319,65.8 %,47.9 %,12.1 %,4.19,3.84,3.1
,2012,Trevor,Cahill,Diamondbacks,200,7.02,3.33,0.72,0.289,71.4 %,61.2 %,12.3 %,3.85,3.76,3
,2001,Jeff,Suppan,Royals,218.1,4.95,3.05,1.07,0.282,69.8 %, , ,4.68, ,3
,2002,Kerry,Wood,Cubs,213.2,9.14,4.09,0.93,0.271,75.6 %,34.8 %,9.3 %,3.86,4.05,3
,2009,Roy,Oswalt,Astros,181.1,6.85,2.08,0.94,0.298,72.7 %,43.3 %,9.7 %,3.76,3.82,3
,2006,Justin,Verlander,Tigers,186,6,2.9,1.02,0.294,78.3 %,41.7 %,10.3 %,4.35,4.42,3
,2003,Carl,Pavano,Marlins,201,5.96,2.19,0.85,0.29,69.0 %,38.9 %,8.3 %,3.77,4.21,3
,2012,Ian,Kennedy,Diamondbacks,208.1,8.08,2.38,1.21,0.306,74.9 %,37.3 %,10.8 %,4.04,4.13,3
,2012,A.J.,Burnett,Pirates,202.1,8.01,2.76,0.8,0.294,74.1 %,56.9 %,12.7 %,3.52,3.4,3
,2007,Carlos,Silva,Twins,202,3.97,1.6,0.89,0.299,70.5 %,47.5 %,8.4 %,4.24,4.44,3
,2001,Todd,Ritchie,Pirates,207.1,5.38,2.26,1,0.276,63.9 %, , ,4.15, ,3
,2009,Max,Scherzer,Diamondbacks,170.1,9.19,3.33,1.06,0.308,68.7 %,41.8 %,10.4 %,3.87,3.82,3
,2010,Gio,Gonzalez,Athletics,200.2,7.67,4.13,0.67,0.274,78.1 %,49.3 %,7.4 %,3.78,4.04,3
,2000,Bryan,Rekar,Devil Rays,173.1,4.93,2.02,1.14,0.305,71.2 %, , ,4.43, ,3
,2000,Chan,Ho,Park,226,8.64,4.94,0.84,0.258,77.6 %, , ,4.23, ,3
,2004,Derek,Lowe,Red Sox,182.2,5.17,3.5,0.74,0.327,58.5 %,62.3 %,11.5 %,4.26,4.22,3
,2009,Johan,Santana,Mets,166.2,7.88,2.48,1.08,0.28,78.0 %,35.7 %,8.6 %,3.79,4.05,3
,2001,Wade,Miller,Astros,212,7.77,3.23,1.32,0.263,78.3 %, , ,4.36, ,3
,2000,Ryan,Dempster,Marlins,226.1,8.31,3.86,1.19,0.284,77.8 %, , ,4.36, ,3
,2003,Derek,Lowe,Red Sox,203.1,4.87,3.19,0.75,0.294,67.6 %,65.9 %,16.5 %,4.26,3.91,3
,2012,Mat,Latos,Reds,209.1,7.95,2.75,1.07,0.266,75.5 %,45.6 %,11.8 %,3.85,3.79,3
,2009,Randy,Wolf,Dodgers,214.1,6.72,2.44,1.01,0.251,77.3 %,39.6 %,9.2 %,3.96,4.1,3
,2009,Matt,Garza,Rays,203,8.38,3.5,1.11,0.273,75.0 %,39.7 %,10.2 %,4.17,4.14,2.9
,2008,Jake,Peavy,Padres,173.2,8.6,3.06,0.88,0.279,82.2 %,41.2 %,9.7 %,3.6,3.65,2.9
,2000,Sidney,Ponson,Orioles,222,6.16,3.36,1.22,0.281,68.7 %, , ,4.66, ,2.9
,2003,Jae,Seo,Mets,188.1,5.26,2.2,0.86,0.28,68.7 %,38.0 %,7.3 %,3.93,4.6,2.9
,2009,Paul,Maholm,Pirates,194.2,5.5,2.77,0.65,0.325,69.2 %,52.1 %,7.3 %,3.83,4.18,2.9
,2012,Jered,Weaver,Angels,188.2,6.77,2.15,0.95,0.241,79.2 %,36.0 %,8.6 %,3.75,4.18,2.9
,2008,Ted,Lilly,Cubs,204.2,8.09,2.81,1.41,0.27,76.0 %,33.6 %,12.1 %,4.41,4.08,2.9
,2003,Tomo,Ohka,Expos,199,5.34,2.04,1.09,0.313,71.4 %,44.9 %,11.6 %,4.23,4.18,2.9
,2009,John,Danks,White Sox,200.1,6.69,3.28,1.26,0.267,77.7 %,44.2 %,11.5 %,4.59,4.38,2.9
,2006,Andy,Pettitte,Astros,214.1,7.47,2.94,1.13,0.324,72.0 %,49.8 %,14.4 %,4.13,3.72,2.9
,2000,Brian,Bohanon,Rockies,177,4.98,4.02,1.22,0.278,71.0 %, , ,5.23, ,2.9
,2003,Russ,Ortiz,Braves,212.1,6.32,4.32,0.72,0.25,70.2 %,41.2 %,7.4 %,4.17,4.7,2.9
,2012,Jeff,Samardzija,Cubs,174.2,9.27,2.89,1.03,0.296,73.0 %,44.6 %,12.8 %,3.55,3.38,2.9
,2009,Jeff,Niemann,Rays,180.2,6.23,2.94,0.85,0.301,73.7 %,40.5 %,7.6 %,4.07,4.46,2.9
,2012,Rick,Porcello,Tigers,176.1,5.46,2.25,0.82,0.344,69.0 %,53.2 %,11.5 %,3.91,3.89,2.9
,2001,Jamie,Moyer,Mariners,209.2,5.11,1.89,1.03,0.249,75.7 %, , ,4.17, ,2.9
,2001,Glendon,Rusch,Mets,179,7.84,2.16,1.16,0.347,70.6 %, , ,3.81, ,2.9
,2008,Carlos,Zambrano,Cubs,188.2,6.2,3.43,0.86,0.27,73.4 %,47.2 %,9.0 %,4.23,4.4,2.9
,2000,Rolando,Arrojo,- - -,172.2,6.46,3.54,1.25,0.302,64.5 %, , ,4.96, ,2.9
,2006,Zach,Duke,Pirates,215.1,4.89,2.84,0.71,0.328,69.9 %,51.1 %,8.3 %,4.13,4.44,2.9
,2010,Livan,Hernandez,Nationals,211.2,4.85,2.72,0.68,0.287,73.0 %,39.3 %,5.8 %,3.95,4.57,2.9
,2009,Nick,Blackburn,Twins,205.2,4.29,1.79,1.09,0.301,72.7 %,45.8 %,9.4 %,4.37,4.49,2.9
,2002,Ismael,Valdez,- - -,196,4.68,2.16,1.19,0.265,73.0 %,37.8 %,9.8 %,4.5,4.65,2.9
,2001,Denny,Neagle,Rockies,170.2,7.33,3.16,1.53,0.31,69.6 %, , ,4.81, ,2.9
,2000,Randy,Wolf,Phillies,206.1,6.98,3.62,1.09,0.302,72.9 %, , ,4.48, ,2.9
,2008,Kyle,Lohse,Cardinals,200,5.36,2.21,0.81,0.297,73.6 %,45.8 %,8.6 %,3.89,4.11,2.9
,2003,Jeff,Suppan,- - -,204,4.85,2.25,1.01,0.285,73.0 %,45.2 %,11.1 %,4.29,4.31,2.9
,2005,Tim,Wakefield,Red Sox,225.1,6.03,2.72,1.4,0.258,73.3 %,41.4 %,11.9 %,4.75,4.53,2.9
,2010,Ryan,Dempster,Cubs,215.1,8.69,3.59,1.04,0.294,71.0 %,47.4 %,11.3 %,3.99,3.74,2.9
,2000,Shawn,Estes,Giants,190.1,6.43,5.11,0.52,0.32,71.1 %, , ,4.21, ,2.8
,2010,Carl,Pavano,Twins,221,4.76,1.51,0.98,0.281,74.0 %,51.2 %,10.6 %,4.02,3.86,2.8
,2002,Kevin,Appier,Angels,188.1,6.31,3.06,1.1,0.295,75.3 %,34.6 %,8.9 %,4.28,4.58,2.8
,2005,Mark,Prior,Cubs,166.2,10.15,3.19,1.35,0.278,77.8 %,36.9 %,14.0 %,3.85,3.38,2.8
,2012,Tommy,Milone,Athletics,190,6.49,1.71,1.14,0.31,73.6 %,38.1 %,10.7 %,3.93,4.02,2.8
,2011,Bartolo,Colon,Yankees,164.1,7.39,2.19,1.15,0.305,70.0 %,44.2 %,11.4 %,3.83,3.57,2.8
,2002,Al,Leiter,Mets,204.1,7.58,3.04,1.01,0.287,72.0 %,43.1 %,11.1 %,3.87,3.82,2.8
,2005,Jon,Lieber,Phillies,218.1,6.14,1.69,1.36,0.278,72.7 %,45.7 %,14.5 %,4.25,3.72,2.8
,2010,Brian,Matusz,Orioles,175.2,7.33,3.23,0.97,0.292,71.6 %,36.2 %,7.9 %,4.05,4.31,2.8
,2000,Jim,Parque,White Sox,187,5.34,3.42,1.01,0.305,71.0 %, , ,4.72, ,2.8
,2007,Tom,Gorzelanny,Pirates,201.2,6.02,3.03,0.8,0.305,75.8 %,42.1 %,7.0 %,4.24,4.68,2.8
,2004,Jason,Johnson,Tigers,196.2,5.72,2.75,1.01,0.309,64.8 %,49.2 %,10.6 %,4.22,4.26,2.8
,2005,Mike,Mussina,Yankees,179.2,7.11,2.35,1.15,0.322,72.5 %,44.5 %,11.1 %,4.01,3.93,2.8
,2004,Sidney,Ponson,Orioles,215.2,4.8,2.88,0.96,0.327,66.5 %,50.7 %,9.8 %,4.44,4.6,2.8
,2003,Brad,Penny,Marlins,196.1,6.33,2.57,0.96,0.293,70.4 %,43.5 %,9.6 %,3.92,4.15,2.8
,2001,Eric,Milton,Twins,220.2,6.4,2.49,1.43,0.273,74.9 %, , ,4.59, ,2.8
,2003,Darren,Oliver,Rockies,180.1,4.39,3.04,1.05,0.296,67.3 %,43.8 %,10.6 %,4.72,4.8,2.8
,2004,Chris,Carpenter,Cardinals,182,7.52,1.88,1.19,0.277,77.2 %,52.2 %,15.3 %,3.85,3.36,2.8
,2003,Jason,Jennings,Rockies,181.1,5.91,4.37,0.99,0.327,68.6 %,45.7 %,11.3 %,4.69,4.68,2.8
,2007,Brian,Bannister,Royals,165,4.2,2.4,0.82,0.261,70.3 %,40.8 %,6.8 %,4.4,4.89,2.8
,2010,Randy,Wells,Cubs,194.1,6.67,2.92,0.88,0.311,72.0 %,46.9 %,9.4 %,3.93,3.94,2.8
,2007,Tim,Wakefield,Red Sox,189,5.24,3.05,1.05,0.282,67.9 %,38.9 %,8.4 %,4.67,4.89,2.8
,2001,CC,Sabathia,Indians,180.1,8.53,4.74,0.95,0.276,70.4 %, , ,4.22, ,2.8
,2002,Rick,Reed,Twins,188,5.79,1.24,1.53,0.27,75.3 %,39.4 %,12.7 %,4.4,4.03,2.8
,2007,Carlos,Zambrano,Cubs,216.1,7.36,4.2,0.96,0.269,74.9 %,46.8 %,10.2 %,4.58,4.51,2.8
,2006,Miguel,Batista,Diamondbacks,206.1,4.8,3.66,0.79,0.308,69.3 %,51.7 %,9.2 %,4.52,4.72,2.8
,2002,Rodrigo,Lopez,Orioles,196.2,6.22,2.84,1.05,0.256,75.4 %,40.2 %,10.1 %,4.12,4.21,2.7
,2007,Derek,Lowe,Dodgers,199.1,6.64,2.66,0.9,0.288,68.1 %,65.0 %,17.1 %,3.97,3.4,2.7
,2007,Kyle,Lohse,- - -,192.2,5.7,2.66,1.03,0.3,68.1 %,36.9 %,8.6 %,4.53,4.71,2.7
,2005,Jason,Johnson,Tigers,210,3.99,2.1,0.99,0.293,66.9 %,51.3 %,10.5 %,4.34,4.36,2.7
,2004,Mike,Maroth,Tigers,217,4.48,2.45,1.04,0.3,72.0 %,45.9 %,9.4 %,4.46,4.71,2.7
,2007,John,Maine,Mets,191,8.48,3.53,1.08,0.275,73.2 %,37.0 %,9.6 %,4.18,4.18,2.7
,2006,Cliff,Lee,Indians,200.2,5.79,2.6,1.3,0.296,70.6 %,32.7 %,8.8 %,4.73,5.16,2.7
,2008,Mike,Pelfrey,Mets,200.2,4.93,2.87,0.54,0.302,74.3 %,49.6 %,6.3 %,3.96,4.45,2.7
,2005,Brad,Radke,Twins,200.2,5.25,1.03,1.48,0.278,73.8 %,42.2 %,12.6 %,4.44,4.1,2.7
,2004,Brett,Tomko,Giants,194,5.01,2.97,0.88,0.279,69.4 %,41.9 %,8.1 %,4.2,4.65,2.7
,2010,Jaime,Garcia,Cardinals,163.1,7.27,3.53,0.5,0.292,75.0 %,55.9 %,7.3 %,3.41,3.62,2.7
,2001,Chris,Carpenter,Blue Jays,215.2,6.55,3.13,1.21,0.306,74.5 %, , ,4.61, ,2.7
,2006,Dontrelle,Willis,Marlins,223.1,6.45,3.34,0.85,0.308,75.0 %,47.5 %,9.2 %,4.31,4.52,2.7
,2012,Lance,Lynn,Cardinals,176,9.2,3.27,0.82,0.321,75.6 %,43.8 %,10.4 %,3.49,3.6,2.7
,2010,Jason,Vargas,Mariners,192.2,5.42,2.52,0.84,0.272,72.0 %,36.3 %,6.1 %,3.95,4.6,2.7
,2004,Matt,Clement,Cubs,181,9.45,3.83,1.14,0.279,77.9 %,50.0 %,15.1 %,4.08,3.62,2.7
,2003,Tim,Redding,Astros,176,5.93,3.32,0.82,0.288,72.6 %,43.2 %,8.0 %,4.12,4.59,2.7
,2001,Shane,Reynolds,Astros,182.2,5.03,1.77,1.18,0.304,71.4 %, , ,4.3, ,2.7
,2004,Mark,Mulder,Athletics,225.2,5.58,3.31,1,0.286,70.3 %,55.9 %,13.0 %,4.51,4.29,2.7
,2003,Matt,Clement,Cubs,201.2,7.63,3.53,0.98,0.26,70.1 %,52.5 %,15.2 %,4.14,3.77,2.7
,2003,Matt,Morris,Cardinals,172.1,6.27,2.04,1.04,0.277,73.2 %,46.9 %,10.9 %,3.9,3.94,2.7
,2000,Todd,Ritchie,Pirates,187,5.97,2.45,1.25,0.303,66.9 %, , ,4.48, ,2.7
,2004,Dontrelle,Willis,Marlins,197,6.35,2.79,0.91,0.306,71.7 %,44.8 %,9.0 %,4.01,4.28,2.7
,2001,Jason,Bere,Cubs,188,8.38,3.69,1.15,0.281,69.6 %, , ,4.09, ,2.7
,2000,Mac,Suzuki,Royals,188.2,6.44,4.48,1.24,0.291,75.1 %, , ,5.04, ,2.7
,2009,Chad,Billingsley,Dodgers,196.1,8.21,3.94,0.78,0.292,71.0 %,45.3 %,8.8 %,3.82,3.99,2.7
,2002,Jason,Jennings,Rockies,185.1,6.17,3.4,1.26,0.303,73.0 %,47.6 %,14.3 %,4.68,4.21,2.7
,2001,Tim,Wakefield,Red Sox,168.2,7.9,3.9,0.69,0.298,71.2 %, , ,3.91, ,2.7
,2000,Steve,Trachsel,- - -,200.2,4.93,3.32,1.17,0.309,71.1 %, , ,4.92, ,2.7
,2003,Cory,Lidle,Blue Jays,192.2,5.23,2.8,1.12,0.3,59.8 %,48.9 %,13.4 %,4.5,4.24,2.7
,2001,Mike,Hampton,Rockies,203,5.41,3.77,1.37,0.312,66.9 %, , ,5.21, ,2.7
,2002,Joe,Kennedy,Devil Rays,196.2,4.99,2.52,1.05,0.284,66.3 %,37.0 %,8.4 %,4.46,4.86,2.6
,2002,Russ,Ortiz,Giants,214.1,5.75,3.95,0.63,0.266,74.6 %,44.4 %,6.6 %,3.97,4.52,2.6
,2001,Kevin,Tapani,Cubs,168.1,7.97,2.14,1.28,0.318,70.2 %, , ,3.97, ,2.6
,2004,Rodrigo,Lopez,Orioles,170.2,6.38,2.85,1.11,0.277,78.2 %,46.0 %,11.1 %,4.22,4.2,2.6
,2005,Carlos,Silva,Twins,188.1,3.39,0.43,1.19,0.292,74.6 %,49.2 %,12.2 %,4.18,3.96,2.6
,2001,Jarrod,Washburn,Angels,193.1,5.87,2.51,1.16,0.285,75.7 %, , ,4.37, ,2.6
,2011,Ervin,Santana,Angels,228.2,7.01,2.83,1.02,0.272,76.6 %,43.5 %,10.1 %,4,3.93,2.6
,2000,Gil,Heredia,Athletics,198.2,4.58,2.99,1.09,0.286,71.1 %, , ,4.74, ,2.6
,2004,Woody,Williams,Cardinals,189.2,6.22,2.75,0.95,0.289,72.0 %,37.9 %,8.0 %,4.1,4.61,2.6
,2008,Joe,Saunders,Angels,198,4.68,2.41,0.95,0.266,75.7 %,46.6 %,8.7 %,4.36,4.59,2.6
,2001,Aaron,Sele,Mariners,215,4.77,2.13,1.05,0.272,75.7 %, , ,4.31, ,2.6
,2009,Kevin,Millwood,Rangers,198.2,5.57,3.22,1.18,0.273,78.6 %,42.3 %,10.6 %,4.8,4.72,2.6
,2002,John,Thomson,- - -,181.2,5.3,2.18,1.39,0.279,63.0 %,34.6 %,10.8 %,4.55,4.53,2.6
,2010,R.A.,Dickey,Mets,174.1,5.37,2.17,0.67,0.276,77.3 %,55.1 %,8.5 %,3.65,3.75,2.6
,2005,Jamie,Moyer,Mariners,200,4.59,2.34,1.04,0.296,73.6 %,36.9 %,8.1 %,4.4,4.87,2.6
,2012,Homer,Bailey,Reds,208,7.27,2.25,1.13,0.29,73.6 %,44.9 %,11.5 %,3.97,3.94,2.6
,2007,Wandy,Rodriguez,Astros,182.2,7.78,3.05,1.08,0.293,66.9 %,41.4 %,10.1 %,4.18,4.1,2.6
,2011,Carl,Pavano,Twins,222,4.14,1.62,0.93,0.306,67.3 %,50.6 %,9.4 %,4.1,4.14,2.6
,2011,Colby,Lewis,Rangers,200.1,7.59,2.52,1.57,0.265,73.0 %,34.1 %,11.9 %,4.54,4.1,2.6
,2010,Johnny,Cueto,Reds,185.2,6.69,2.71,0.92,0.29,76.1 %,41.7 %,8.6 %,3.97,4.09,2.6
,2010,Doug,Fister,Mariners,171,4.89,1.68,0.68,0.302,67.7 %,47.1 %,6.4 %,3.65,4.1,2.6
,2010,Scott,Baker,Twins,170.1,7.82,2.27,1.22,0.323,73.0 %,35.6 %,10.2 %,3.96,3.82,2.6
,2011,Max,Scherzer,Tigers,195,8.03,2.58,1.34,0.314,73.7 %,40.3 %,12.6 %,4.14,3.7,2.6
,2003,Hideo,Nomo,Dodgers,218.1,7.3,4.04,0.99,0.253,79.9 %,39.9 %,10.4 %,4.2,4.31,2.6
,2002,Tom,Glavine,Braves,224.2,5.09,3.12,0.84,0.269,79.1 %,40.7 %,7.9 %,4.2,4.63,2.6
,2012,Ryan,Vogelsong,Giants,189.2,7.5,2.94,0.81,0.284,76.0 %,43.5 %,8.2 %,3.7,4.15,2.6
,2007,Jose,Contreras,White Sox,189,5.38,2.95,1,0.326,62.6 %,44.9 %,9.0 %,4.71,4.82,2.5
,2006,Doug,Davis,Brewers,203.1,7.04,4.51,0.84,0.302,68.1 %,44.1 %,8.8 %,4.38,4.66,2.5
,2004,Jeremy,Bonderman,Tigers,184,8.22,3.57,1.17,0.278,69.0 %,47.9 %,13.3 %,4.27,3.97,2.5
,2001,Cory,Lidle,Athletics,188,5.65,2.25,1.1,0.261,73.4 %, , ,4.29, ,2.5
,2004,Brandon,Webb,Diamondbacks,208,7.1,5.15,0.74,0.285,71.0 %,64.3 %,15.0 %,4.41,4.12,2.5
,2004,Mark,Hendrickson,Devil Rays,183.1,4.27,2.26,1.03,0.296,64.4 %,45.0 %,9.3 %,4.46,4.73,2.5
,2002,Livan,Hernandez,Giants,216,5.58,2.96,0.79,0.309,69.3 %,45.5 %,9.0 %,3.91,4.12,2.5
,2001,Albie,Lopez,- - -,205.2,5.95,3.28,1.14,0.305,67.8 %, , ,4.52, ,2.5
,2005,Zack,Greinke,Royals,183,5.61,2.61,1.13,0.335,65.2 %,39.2 %,9.6 %,4.49,4.66,2.5
,2008,Jeremy,Guthrie,Orioles,190.2,5.66,2.74,1.13,0.259,76.7 %,43.8 %,10.5 %,4.53,4.48,2.5
,2003,Mike,Hampton,Braves,190,5.21,3.69,0.66,0.277,70.9 %,52.3 %,9.1 %,4.08,4.3,2.5
,2009,Ricky,Romero,Blue Jays,178,7.13,3.99,0.91,0.333,75.5 %,54.0 %,12.8 %,4.33,4.05,2.5
,2002,John,Burkett,Red Sox,173,6.45,2.6,1.3,0.315,73.9 %,41.1 %,12.7 %,4.41,4.11,2.5
,2011,Rick,Porcello,Tigers,182,5.14,2.27,0.89,0.316,67.4 %,51.4 %,9.9 %,4.06,4.02,2.5
,2012,Lucas,Harrell,Astros,193.2,6.51,3.62,0.6,0.289,70.8 %,57.2 %,9.7 %,3.75,3.89,2.5
,2012,Matt,Moore,Rays,177.1,8.88,4.11,0.91,0.293,72.9 %,37.4 %,8.6 %,3.93,4.35,2.5
,2010,Ted,Lilly,- - -,193.2,7.71,2.04,1.49,0.247,77.4 %,29.5 %,11.1 %,4.27,3.95,2.5
,2006,Tom,Glavine,Mets,198,5.95,2.82,1,0.29,73.6 %,44.3 %,10.9 %,4.3,4.28,2.5
,2008,Bronson,Arroyo,Reds,200,7.34,3.06,1.31,0.314,70.1 %,41.5 %,13.1 %,4.5,4.07,2.5
,2003,Vicente,Padilla,Phillies,208.2,5.74,2.67,0.95,0.271,74.0 %,46.7 %,10.2 %,4.25,4.38,2.5
,2010,Phil,Hughes,Yankees,176.1,7.45,2.96,1.28,0.273,74.1 %,36.1 %,10.1 %,4.25,4.13,2.5
,2011,Jhoulys,Chacin,Rockies,194,6.96,4.04,0.93,0.261,74.5 %,56.3 %,12.2 %,4.23,3.95,2.5
,2011,Ryan,Dempster,Cubs,202.1,8.5,3.65,1.02,0.324,70.4 %,44.1 %,11.2 %,3.91,3.7,2.5
,2001,Rick,Helling,Rangers,215.2,6.43,2.63,1.59,0.32,70.1 %, , ,4.84, ,2.5
,2012,Ricky,Nolasco,Marlins,191,5.89,2.21,0.85,0.309,69.3 %,46.6 %,9.1 %,3.87,4.17,2.5
,2012,Bronson,Arroyo,Reds,202,5.75,1.56,1.16,0.286,76.7 %,41.4 %,10.6 %,4.08,4.19,2.5
,2006,Nate,Robertson,Tigers,208.2,5.91,2.89,1.25,0.277,76.1 %,46.7 %,13.2 %,4.72,4.39,2.5
,2010,Brett,Cecil,Blue Jays,172.2,6.1,2.81,0.94,0.293,69.8 %,44.2 %,8.7 %,4.03,4.15,2.5
,2001,Esteban,Loaiza,Blue Jays,190,5.21,1.89,1.28,0.326,69.9 %, , ,4.51, ,2.5
,2010,Mike,Pelfrey,Mets,204,4.99,3,0.53,0.3,73.7 %,47.8 %,5.7 %,3.82,4.31,2.5
,2008,Jamie,Moyer,Phillies,196.1,5.64,2.84,0.92,0.286,76.6 %,43.9 %,9.0 %,4.32,4.48,2.5
,2012,Joe,Saunders,- - -,174.2,5.77,2.01,1.08,0.305,71.6 %,43.1 %,10.2 %,4.08,4.25,2.4
,2007,A.J.,Burnett,Blue Jays,165.2,9.56,3.59,1.25,0.261,76.4 %,54.8 %,17.7 %,4.33,3.51,2.4
,2005,Matt,Morris,Cardinals,192.2,5.47,1.73,1.03,0.295,68.6 %,48.6 %,11.6 %,3.99,3.87,2.4
,2006,Orlando,Hernandez,- - -,162.1,9.09,3.38,1.22,0.302,70.0 %,33.8 %,10.5 %,4.24,4.29,2.4
,2009,Brad,Penny,- - -,173.1,5.66,2.65,1.14,0.3,67.1 %,43.7 %,9.9 %,4.46,4.5,2.4
,2007,Kevin,Millwood,Rangers,172.2,6.41,3.49,0.99,0.34,67.7 %,46.4 %,10.1 %,4.55,4.49,2.4
,2000,Orlando,Hernandez,Yankees,195.2,6.49,2.35,1.56,0.259,71.1 %, , ,4.83, ,2.4
,2000,Jeff,Suppan,Royals,217,5.31,3.48,1.49,0.294,74.8 %, , ,5.37, ,2.4
,2008,Nick,Blackburn,Twins,193.1,4.47,1.82,1.07,0.305,70.7 %,44.9 %,10.0 %,4.4,4.42,2.4
,2008,Gavin,Floyd,White Sox,206.1,6.32,3.05,1.31,0.256,71.4 %,41.2 %,11.8 %,4.77,4.5,2.4
,2000,Denny,Neagle,- - -,209,6.29,3.49,1.33,0.278,74.0 %, , ,4.9, ,2.4
,2010,Roberto,Hernandez,Indians,210.1,5.31,3.08,0.73,0.283,71.5 %,55.6 %,8.3 %,4.11,4.25,2.4
,2004,David,Wells,Padres,195.2,4.65,0.92,1.06,0.274,72.6 %,48.0 %,10.2 %,3.88,3.99,2.4
,2000,Masato,Yoshii,Rockies,167.1,4.73,2.85,1.72,0.307,68.2 %, , ,5.55, ,2.4
,2008,Dana,Eveland,Athletics,168,6.32,4.13,0.54,0.312,72.5 %,48.7 %,6.6 %,4.09,4.51,2.4
,2007,Miguel,Batista,Mariners,193,6.2,3.96,0.84,0.31,72.6 %,44.1 %,7.3 %,4.52,4.9,2.4
,2006,Ted,Lilly,Blue Jays,181.2,7.93,4.01,1.39,0.288,73.8 %,37.7 %,12.1 %,4.79,4.58,2.4
,2011,Ricky,Romero,Blue Jays,225,7.12,3.2,1.04,0.242,79.2 %,54.7 %,13.2 %,4.2,3.8,2.4
,2012,Josh,Beckett,- - -,170.1,6.97,2.75,1.11,0.294,69.4 %,42.5 %,10.8 %,4.15,4.22,2.4
,2003,Randy,Wolf,Phillies,200,7.96,3.51,1.21,0.265,71.6 %,39.8 %,12.4 %,4.28,4.1,2.4
,2010,Ian,Kennedy,Diamondbacks,194,7.79,3.25,1.21,0.256,75.5 %,37.1 %,10.8 %,4.33,4.1,2.4
,2009,Yovani,Gallardo,Brewers,185.2,9.89,4.56,1.02,0.275,77.9 %,45.0 %,12.3 %,3.97,3.71,2.4
,2001,Ramon,Ortiz,Angels,208.2,5.82,3.28,1.08,0.296,71.4 %, , ,4.58, ,2.4
,2008,Paul,Maholm,Pirates,206.1,6.06,2.75,0.92,0.29,75.5 %,53.6 %,12.1 %,4.15,3.94,2.4
,2007,Jeremy,Guthrie,Orioles,175.1,6.31,2.41,1.18,0.27,75.1 %,42.5 %,11.2 %,4.41,4.18,2.4
,2010,Jeremy,Guthrie,Orioles,209.1,5.12,2.15,1.07,0.254,74.1 %,42.3 %,8.5 %,4.44,4.6,2.4
,2002,Danys,Baez,Indians,165.1,7.08,4.46,0.76,0.297,72.2 %,40.1 %,7.9 %,4.14,4.53,2.4
,2004,Tim,Wakefield,Red Sox,188.1,5.54,3.01,1.39,0.277,65.9 %,46.8 %,11.6 %,5.08,4.97,2.4
,2007,Matt,Morris,- - -,198.2,4.62,2.76,0.82,0.32,65.7 %,48.5 %,8.3 %,4.45,4.65,2.3
,2002,Frank,Castillo,Red Sox,163.1,6.17,3.2,1.05,0.301,65.0 %,42.2 %,9.7 %,4.3,4.45,2.3
,2002,Jon,Garland,White Sox,192.2,5.23,3.88,1.07,0.275,69.0 %,41.6 %,10.1 %,4.78,4.87,2.3
,2002,Joel,Pineiro,Mariners,194.1,6.3,2.5,1.11,0.279,80.9 %,46.6 %,12.0 %,4.11,3.93,2.3
,2005,Brett,Tomko,Giants,190.2,5.38,2.69,0.94,0.296,70.5 %,39.8 %,8.3 %,4.19,4.57,2.3
,2011,Ivan,Nova,Yankees,165.1,5.33,3.1,0.71,0.283,73.2 %,52.7 %,8.4 %,4.01,4.16,2.3
,2006,Kenny,Rogers,Tigers,204,4.37,2.74,1.01,0.262,72.3 %,50.1 %,10.8 %,4.69,4.69,2.3
,2006,Matt,Morris,Giants,207.2,5.07,2.73,0.95,0.285,65.1 %,45.7 %,9.5 %,4.51,4.7,2.3
,2008,Jesse,Litsch,Blue Jays,176,5.06,1.99,1.02,0.278,74.1 %,48.5 %,10.8 %,4.29,4.2,2.3
,2010,Derek,Lowe,Braves,193.2,6.32,2.83,0.84,0.307,74.2 %,58.8 %,13.1 %,3.89,3.54,2.3
,2007,Oliver,Perez,Mets,177,8.85,4.02,1.12,0.271,71.6 %,32.8 %,8.8 %,4.35,4.5,2.3
,2012,Wandy,Rodriguez,- - -,205.2,6.08,2.45,0.92,0.28,70.3 %,48.0 %,10.1 %,3.93,4.09,2.3
,2009,Aaron,Harang,Reds,162.1,7.87,2.38,1.33,0.331,75.7 %,34.9 %,11.7 %,4.14,3.88,2.3
,2006,Barry,Zito,Athletics,221,6.15,4.03,1.1,0.281,78.5 %,38.2 %,9.0 %,4.89,5.22,2.3
,2005,Derek,Lowe,Dodgers,222,5.92,2.23,1.14,0.279,69.7 %,63.1 %,18.9 %,4.16,3.44,2.3
,2012,Jon,Niese,Mets,190.1,7.33,2.32,1.04,0.272,76.5 %,48.3 %,12.6 %,3.8,3.64,2.3
,2012,Phil,Hughes,Yankees,191.1,7.76,2.16,1.65,0.286,73.9 %,32.4 %,12.4 %,4.56,4.35,2.3
,2004,Greg,Maddux,Cubs,212.2,6.39,1.4,1.48,0.284,74.4 %,50.9 %,18.2 %,4.36,3.5,2.3
,2000,John,Halama,Mariners,166.2,4.7,3.02,1.03,0.327,65.7 %, , ,4.62, ,2.3
,2010,Tim,Hudson,Braves,228.2,5.47,2.91,0.79,0.249,81.2 %,64.1 %,13.1 %,4.09,3.77,2.3
,2003,Elmer,Dessens,Diamondbacks,175.2,5.79,2.92,1.13,0.325,68.5 %,49.2 %,12.0 %,4.41,4.31,2.3
,2006,Tim,Hudson,Braves,218.1,5.81,3.26,1.03,0.298,67.4 %,57.7 %,14.4 %,4.55,4.19,2.3
,2007,Doug,Davis,Diamondbacks,192.2,6.73,4.44,0.98,0.318,74.9 %,47.0 %,10.3 %,4.72,4.62,2.3
,2001,Livan,Hernandez,Giants,226.2,5.48,3.37,0.95,0.319,65.9 %, , ,4.37, ,2.3
,2000,Kelvim,Escobar,Blue Jays,180,7.1,4.25,1.3,0.297,65.7 %, , ,4.9, ,2.3
,2009,Kevin,Correia,Padres,198,6.45,2.91,0.77,0.294,71.4 %,44.8 %,7.8 %,3.81,4.14,2.2
,2012,Scott,Diamond,Twins,173,4.68,1.61,0.88,0.292,73.3 %,53.4 %,11.4 %,3.94,3.93,2.2
,2000,Hideo,Nomo,Tigers,190,8.57,4.22,1.47,0.305,75.5 %, , ,4.8, ,2.2
,2011,Jason,Vargas,Mariners,201,5.87,2.64,0.99,0.285,68.7 %,36.4 %,7.7 %,4.09,4.45,2.2
,2000,Rick,Reed,Mets,184,5.92,1.66,1.37,0.283,73.5 %, , ,4.43, ,2.2
,2011,Kyle,Lohse,Cardinals,188.1,5.3,2.01,0.76,0.269,71.3 %,41.4 %,7.2 %,3.67,4.04,2.2
,2004,Javier,Vazquez,Yankees,198,6.82,2.73,1.5,0.272,69.2 %,37.8 %,12.5 %,4.78,4.51,2.2
,2005,Jeff,Francis,Rockies,183.2,6.27,3.43,1.27,0.339,69.4 %,37.7 %,11.2 %,4.74,4.64,2.2
,2001,Jose,Mercedes,Orioles,184,6.02,3.08,0.98,0.325,63.3 %, , ,4.32, ,2.2
,2012,Edwin,Jackson,Nationals,189.2,7.97,2.75,1.09,0.278,71.2 %,47.3 %,11.7 %,3.85,3.79,2.2
,2012,Tim,Hudson,Braves,179,5.13,2.41,0.6,0.27,71.1 %,55.5 %,8.3 %,3.78,4.1,2.2
,2004,Cory,Lidle,- - -,211.1,5.37,2.6,1.15,0.287,66.9 %,49.3 %,12.9 %,4.53,4.28,2.2
,2006,Scott,Olsen,Marlins,180.2,8.27,3.74,1.15,0.28,70.5 %,44.8 %,12.4 %,4.33,4.11,2.2
,2011,Jeff,Francis,Royals,183,4.48,1.92,0.93,0.316,68.8 %,47.1 %,8.5 %,4.1,4.29,2.2
,2005,Joe,Blanton,Athletics,201.1,5.19,3,1.03,0.248,75.3 %,44.7 %,9.6 %,4.43,4.58,2.2
,2005,Jarrod,Washburn,Angels,177.1,4.77,2.59,0.96,0.29,81.8 %,39.2 %,8.3 %,4.35,4.73,2.2
,2004,Odalis,Perez,Dodgers,196.1,5.87,2.02,1.19,0.263,79.2 %,52.0 %,14.0 %,4.18,3.81,2.2
,2012,Yovani,Gallardo,Brewers,204,9,3.57,1.15,0.29,78.4 %,47.7 %,14.9 %,3.94,3.55,2.2
,2007,Jeff,Suppan,Brewers,206.2,4.96,2.96,0.78,0.318,70.4 %,45.4 %,7.3 %,4.42,4.77,2.2
,2001,Jimmy,Anderson,Pirates,206.1,3.88,3.62,0.65,0.3,66.6 %, , ,4.5, ,2.2
,2007,Jarrod,Washburn,Mariners,193.2,5.3,3.11,1.07,0.284,71.4 %,36.5 %,8.0 %,4.77,5.09,2.2
,2004,Tom,Glavine,Mets,212.1,4.62,2.97,0.85,0.261,73.2 %,50.9 %,9.5 %,4.24,4.42,2.2
,2012,Wei-Yin,Chen,Orioles,192.2,7.19,2.66,1.35,0.274,72.8 %,37.1 %,11.7 %,4.42,4.34,2.2
,2010,Jonathan,Sanchez,Giants,193.1,9.54,4.47,0.98,0.252,79.5 %,41.5 %,9.8 %,4,3.94,2.2
,2007,Aaron,Cook,Rockies,166,3.31,2.39,0.81,0.285,68.1 %,57.9 %,11.0 %,4.58,4.44,2.2
,2009,Derek,Lowe,Braves,194.2,5.13,2.91,0.74,0.327,68.7 %,56.3 %,9.4 %,4.06,4.14,2.2
,2003,Brett,Myers,Phillies,193,6.67,3.54,0.93,0.308,72.9 %,49.9 %,11.9 %,4.22,4.14,2.2
,2003,Al,Leiter,Mets,180.2,6.92,4.68,0.75,0.298,76.0 %,39.1 %,7.1 %,4.28,4.91,2.2
,2012,C.J.,Wilson,Angels,202.1,7.7,4.05,0.85,0.281,70.0 %,50.3 %,10.8 %,4.04,4.1,2.2
,2012,Paul,Maholm,- - -,189,6.67,2.52,0.95,0.281,75.7 %,51.2 %,12.8 %,4,3.84,2.2
,2012,Chris,Capuano,Dodgers,198.1,7.35,2.45,1.13,0.284,73.2 %,40.3 %,11.1 %,3.95,3.97,2.2
,2005,Mike,Maroth,Tigers,209,4.95,2.2,1.29,0.3,68.0 %,45.9 %,12.1 %,4.65,4.42,2.2
,2006,Jon,Lieber,Phillies,168,5.36,1.29,1.45,0.303,67.0 %,43.0 %,13.4 %,4.58,4.17,2.2
,2012,Joe,Blanton,- - -,191,7.82,1.6,1.37,0.31,67.9 %,44.6 %,15.3 %,3.91,3.39,2.2
,2002,Kip,Wells,Pirates,198.1,6.08,3.22,0.95,0.288,74.5 %,53.4 %,13.1 %,4.17,3.91,2.2
,2007,Matt,Belisle,Reds,177.2,6.33,2.18,1.32,0.326,66.9 %,41.8 %,12.3 %,4.58,4.17,2.1
,2011,R.A.,Dickey,Mets,208.2,5.78,2.33,0.78,0.278,75.1 %,50.8 %,8.3 %,3.77,3.95,2.1
,2007,Paul,Byrd,Indians,192.1,4.12,1.31,1.26,0.309,70.6 %,38.3 %,9.5 %,4.68,4.71,2.1
,2009,Jon,Garland,- - -,204,4.81,2.69,1.01,0.296,71.6 %,45.7 %,9.5 %,4.48,4.56,2.1
,2000,Albie,Lopez,Devil Rays,185.1,4.66,3.4,1.17,0.288,74.0 %, , ,4.93, ,2.1
,2011,Hiroki,Kuroda,Dodgers,202,7.17,2.18,1.07,0.287,79.9 %,43.2 %,11.3 %,3.78,3.56,2.1
,2007,Nate,Robertson,Tigers,177.2,6.03,3.19,1.11,0.308,71.3 %,44.6 %,10.0 %,4.62,4.57,2.1
,2003,Brian,Anderson,- - -,197.2,3.96,1.96,1.23,0.28,67.4 %,40.4 %,11.8 %,4.64,4.55,2.1
,2005,Kyle,Lohse,Twins,178.2,4.33,2.22,1.11,0.311,76.8 %,44.2 %,10.5 %,4.55,4.57,2.1
,2002,Hideo,Nomo,Dodgers,220.1,7.88,4.13,1.06,0.27,78.3 %,37.7 %,10.8 %,4.15,4.12,2.1
,2011,Derek,Lowe,Braves,187,6.59,3.37,0.67,0.327,65.9 %,59.0 %,10.2 %,3.7,3.65,2.1
,2011,Luke,Hochevar,Royals,198,5.82,2.82,1.05,0.275,66.0 %,49.8 %,11.5 %,4.29,4.05,2.1
,2001,Elmer,Dessens,Reds,205,5.62,2.46,1.4,0.293,75.0 %, , ,4.66, ,2.1
,2004,Nate,Robertson,Tigers,196.2,7.09,3.02,1.37,0.302,68.9 %,49.7 %,15.2 %,4.52,3.97,2.1
,2003,Jeff,D'Amico,Pirates,175.1,5.13,2.16,1.18,0.305,67.5 %,38.2 %,10.4 %,4.43,4.57,2.1
,2010,Justin,Masterson,Indians,180,7,3.65,0.7,0.324,66.6 %,59.9 %,10.0 %,3.93,3.87,2.1
,2011,Trevor,Cahill,Athletics,207.2,6.37,3.55,0.82,0.302,72.8 %,55.9 %,11.6 %,4.1,3.9,2.1
,2001,Scott,Schoeneweis,Angels,205.1,4.56,3.37,0.92,0.297,67.9 %, , ,4.7, ,2.1
,2003,Kip,Wells,Pirates,197.1,6.7,3.47,1.09,0.253,80.3 %,51.4 %,13.3 %,4.38,4.14,2.1
,2006,Mark,Hendrickson,- - -,164.2,5.41,3.39,0.93,0.291,70.6 %,47.6 %,8.7 %,4.49,4.81,2.1
,2009,Jarrod,Washburn,- - -,176,5.11,2.51,1.18,0.25,75.4 %,37.6 %,9.7 %,4.58,4.66,2.1
,2006,Paul,Byrd,Indians,179,4.42,1.91,1.31,0.318,65.1 %,38.5 %,10.6 %,4.79,4.83,2.1
,2003,Adam,Eaton,Padres,183,7.18,3.34,0.98,0.279,71.4 %,44.2 %,10.4 %,4.09,4.2,2.1
,2009,Zach,Duke,Pirates,213,4.48,2.07,0.97,0.293,72.6 %,47.7 %,10.0 %,4.24,4.25,2.1
,2011,Jeremy,Guthrie,Orioles,208,5.62,2.86,1.12,0.284,69.6 %,39.6 %,9.7 %,4.48,4.47,2
,2000,Pat,Rapp,Orioles,174,5.48,4.29,0.93,0.316,62.5 %, , ,4.78, ,2
,2000,Armando,Reynoso,Diamondbacks,170.2,4.69,2.74,1.16,0.28,65.5 %, , ,4.79, ,2
,2001,Ismael,Valdez,Angels,163.2,5.5,2.75,1.1,0.301,73.9 %, , ,4.48, ,2
,2001,Chris,Reitsma,Reds,182,4.75,2.42,1.14,0.297,61.5 %, , ,4.53, ,2
,2008,Tim,Wakefield,Red Sox,181,5.82,2.98,1.24,0.239,71.9 %,35.5 %,9.1 %,4.84,5.04,2
,2012,Jake,Westbrook,Cardinals,174.2,5.46,2.68,0.62,0.312,70.9 %,58.1 %,10.0 %,3.8,3.92,2
,2006,Jarrod,Washburn,Mariners,187,4.96,2.65,1.2,0.279,69.8 %,39.9 %,9.3 %,4.78,5.06,2
,2012,Gavin,Floyd,White Sox,168,7.71,3.38,1.18,0.299,74.9 %,47.2 %,12.8 %,4.46,4.26,2
,2000,Kevin,Tapani,Cubs,195.2,6.9,2.16,1.61,0.294,70.1 %, , ,4.77, ,2
,2005,Rodrigo,Lopez,Orioles,209.1,5.07,2.71,1.2,0.291,67.0 %,42.6 %,10.9 %,4.63,4.6,2
,2002,Denny,Neagle,Rockies,164.1,6.08,3.45,1.42,0.28,68.7 %,39.3 %,12.5 %,5,4.7,2
,2006,Brad,Radke,Twins,162.1,4.6,1.77,1.33,0.315,72.8 %,41.6 %,11.1 %,4.66,4.61,2
,2003,John,Lackey,Angels,204,6.66,2.91,1.37,0.306,71.2 %,38.3 %,13.6 %,4.64,4.3,2
,2006,Josh,Beckett,Red Sox,204.2,6.95,3.25,1.58,0.262,69.0 %,45.1 %,15.4 %,5.12,4.44,2
,2005,Livan,Hernandez,Nationals,246.1,5.37,3.07,0.91,0.305,75.5 %,39.6 %,9.3 %,4.33,4.52,2
,2012,Justin,Masterson,Indians,206.1,6.94,3.84,0.79,0.309,66.4 %,55.7 %,11.4 %,4.16,4.15,2
,2006,Gil,Meche,Mariners,186.2,7.52,4.05,1.16,0.295,70.0 %,43.1 %,11.3 %,4.63,4.55,2
,2000,Kevin,Appier,Athletics,195.1,5.94,4.7,1.06,0.285,72.5 %, , ,5.05, ,2
,2004,Miguel,Batista,Blue Jays,198.2,4.71,4.35,1,0.287,68.9 %,52.1 %,11.6 %,4.94,4.85,2
,2008,Randy,Wolf,- - -,190.1,7.66,3.36,0.99,0.305,71.1 %,38.8 %,9.7 %,4.17,4.24,2
,2009,Barry,Zito,Giants,192,7.22,3.8,0.98,0.285,75.0 %,37.9 %,9.5 %,4.31,4.4,2
,2007,Chad,Gaudin,Athletics,199.1,6.95,4.52,0.95,0.305,72.3 %,51.0 %,11.5 %,4.69,4.47,2
,2009,Joe,Blanton,Phillies,195.1,7.51,2.72,1.38,0.291,78.9 %,40.6 %,13.0 %,4.45,4.01,2
,2005,Jeff,Weaver,Dodgers,224,6.31,1.73,1.41,0.273,73.3 %,40.7 %,13.1 %,4.47,4.09,1.9
,2000,Brian,Anderson,Diamondbacks,213.1,4.39,1.65,1.6,0.272,77.8 %, , ,5.07, ,1.9
,2006,Josh,Fogg,Rockies,172,4.87,3.14,1.26,0.313,65.9 %,42.5 %,10.8 %,5.03,5.03,1.9
,2008,Manny,Parra,Brewers,166,7.97,4.07,0.98,0.327,71.7 %,51.6 %,13.5 %,4.16,3.81,1.9
,2002,Jeff,Suppan,Royals,208,4.72,2.94,1.38,0.283,65.6 %,44.3 %,12.7 %,5,4.67,1.9
,2004,Jason,Jennings,Rockies,201,5.96,4.52,1.21,0.326,72.0 %,47.5 %,13.2 %,5.08,4.78,1.9
,2005,Mark,Redman,Pirates,178.1,5.1,2.83,0.91,0.296,66.1 %,48.6 %,10.5 %,4.18,4.19,1.9
,2010,Clayton,Richard,Padres,201.2,6.83,3.48,0.71,0.311,74.9 %,46.1 %,7.7 %,3.81,4.04,1.9
,2008,Joe,Blanton,- - -,197.2,5.05,3.01,1,0.29,68.4 %,44.3 %,9.4 %,4.52,4.64,1.9
,2004,Jon,Garland,White Sox,217,4.69,3.15,1.41,0.272,69.7 %,45.5 %,12.8 %,5.15,4.85,1.9
,2002,Jimmy,Haynes,Reds,196.2,5.77,3.71,0.96,0.304,74.5 %,44.4 %,10.6 %,4.35,4.36,1.9
,2011,Ryan,Vogelsong,Giants,179.2,6.96,3.06,0.75,0.28,80.4 %,45.6 %,8.2 %,3.67,3.85,1.9
,2010,Ervin,Santana,Angels,222.2,6.83,2.95,1.09,0.288,75.3 %,35.2 %,9.2 %,4.28,4.31,1.9
,2005,Chris,Capuano,Brewers,219,7.23,3.74,1.27,0.283,77.3 %,37.7 %,11.6 %,4.66,4.51,1.9
,2002,Ramon,Ortiz,Angels,217.1,6.71,2.82,1.66,0.238,80.0 %,41.8 %,15.7 %,4.87,4.1,1.9
,2012,Mark,Buehrle,Marlins,202.1,5.56,1.78,1.16,0.27,74.8 %,41.3 %,11.4 %,4.18,4.17,1.9
,2001,Chad,Durbin,Royals,179,4.78,2.92,1.31,0.298,68.9 %, , ,5.03, ,1.9
,2008,Brett,Myers,Phillies,190,7.72,3.08,1.37,0.303,72.6 %,47.1 %,15.6 %,4.52,3.83,1.9
,2001,Ryan,Dempster,Marlins,211.1,7.28,4.77,0.89,0.308,69.9 %, , ,4.45, ,1.9
,2006,Jamie,Moyer,- - -,211.1,4.6,2.17,1.41,0.28,73.2 %,40.0 %,11.7 %,4.95,4.8,1.9
,2002,Kyle,Lohse,Twins,180.2,6.18,3.49,1.3,0.28,75.1 %,37.3 %,11.0 %,4.77,4.72,1.9
,2003,Matt,Kinney,Brewers,190.2,7.17,3.78,1.27,0.299,66.6 %,34.6 %,11.3 %,4.63,4.62,1.9
,2006,Clay,Hensley,Padres,187,5.87,3.66,0.72,0.278,73.7 %,53.9 %,8.9 %,4.15,4.37,1.8
,2012,Bruce,Chen,Royals,191.2,6.57,2.21,1.55,0.304,69.7 %,32.7 %,11.9 %,4.73,4.62,1.8
,2006,Mark,Buehrle,White Sox,204,4.32,2.12,1.59,0.307,70.6 %,44.1 %,13.7 %,5.27,4.79,1.8
,2005,Joel,Pineiro,Mariners,189,5.1,2.67,1.1,0.319,66.2 %,45.2 %,10.9 %,4.45,4.41,1.8
,2000,Scott,Schoeneweis,Angels,170,4.13,3.55,1.11,0.284,63.6 %, , ,5.11, ,1.8
,2009,Jonathan,Sanchez,Giants,163.1,9.75,4.85,1.05,0.276,72.6 %,40.7 %,10.3 %,4.17,4.14,1.8
,2010,Trevor,Cahill,Athletics,196.2,5.4,2.88,0.87,0.236,76.5 %,56.0 %,11.2 %,4.19,3.99,1.8
,2012,Dan,Haren,Angels,176.2,7.23,1.94,1.43,0.302,70.9 %,39.6 %,12.8 %,4.24,4,1.8
,2007,Dave,Bush,Brewers,186.1,6.47,2.13,1.3,0.32,69.2 %,43.4 %,11.8 %,4.57,4.22,1.8
,2002,Dan,Wright,White Sox,196.1,6.23,3.25,1.47,0.275,65.9 %,41.9 %,14.1 %,4.87,4.35,1.8
,2007,Jamie,Moyer,Phillies,199.1,6.01,2.98,1.35,0.303,69.7 %,39.4 %,11.8 %,4.93,4.58,1.8
,2010,Rick,Porcello,Tigers,162.2,4.65,2.1,1,0.307,65.9 %,50.3 %,9.9 %,4.31,4.24,1.8
,2000,Scott,Elarton,Astros,192.2,6.12,3.92,1.35,0.279,69.1 %, , ,5.13, ,1.8
,2006,Claudio,Vargas,Diamondbacks,167.2,6.6,2.79,1.45,0.294,69.5 %,39.9 %,11.6 %,4.85,4.7,1.8
,2000,Andy,Ashby,- - -,199.1,4.79,2.75,1.31,0.281,65.6 %, , ,4.97, ,1.8
,2008,Zach,Duke,Pirates,185,4.23,2.29,0.92,0.315,67.2 %,48.2 %,9.3 %,4.4,4.52,1.8
,2008,Jason,Marquis,Cubs,167,4.9,3.77,0.81,0.283,71.2 %,47.6 %,8.3 %,4.61,4.86,1.8
,2004,Mike,Hampton,Braves,172.1,4.54,3.39,0.78,0.309,73.3 %,52.4 %,9.6 %,4.32,4.48,1.8
,2002,Steve,Trachsel,Mets,173.2,5.44,3.58,0.83,0.279,73.4 %,45.8 %,8.8 %,4.14,4.39,1.8
,2001,Steve,Trachsel,Mets,173.2,7.46,2.44,1.45,0.278,71.6 %, , ,4.35, ,1.7
,2003,Jason,Johnson,Orioles,189.2,5.6,3.8,1.04,0.309,74.9 %,43.1 %,11.3 %,4.72,4.71,1.7
,2010,Chris,Narveson,Brewers,167.2,7.35,3.17,1.13,0.301,67.8 %,39.8 %,9.8 %,4.22,4.15,1.7
,2000,Garrett,Stephenson,Cardinals,200.1,5.53,2.83,1.39,0.281,73.9 %, , ,4.97, ,1.7
,2005,Mark,Hendrickson,Devil Rays,178.1,4.49,2.47,1.21,0.321,62.2 %,45.3 %,11.9 %,4.63,4.44,1.7
,2000,Pat,Hentgen,Cardinals,194.1,5.46,4.12,1.11,0.291,71.8 %, , ,4.95, ,1.7
,2011,Chad,Billingsley,Dodgers,188,7.28,4.02,0.67,0.306,69.9 %,45.3 %,7.3 %,3.83,4.14,1.7
,2012,Derek,Holland,Rangers,175.1,7.44,2.67,1.64,0.261,67.9 %,43.1 %,15.2 %,4.75,4.14,1.7
,2010,Joe,Blanton,Phillies,175.2,6.87,2.2,1.38,0.321,69.1 %,41.9 %,12.2 %,4.34,3.87,1.7
,2000,Steve,Parris,Reds,192.2,5.47,3.32,1.4,0.308,74.2 %, , ,5.11, ,1.7
,2006,Livan,Hernandez,- - -,216,5.33,3.25,1.21,0.301,70.6 %,36.6 %,9.3 %,4.85,5.14,1.7
,2003,Jarrod,Washburn,Angels,207.1,5.12,2.34,1.48,0.259,73.7 %,32.1 %,11.0 %,4.97,5.01,1.7
,2010,Barry,Zito,Giants,199.1,6.77,3.79,0.9,0.279,72.1 %,36.1 %,7.5 %,4.25,4.58,1.7
,2005,Brandon,Claussen,Reds,166.2,6.53,3.08,1.3,0.295,73.4 %,34.8 %,10.2 %,4.59,4.66,1.7
,2007,Daniel,Cabrera,Orioles,204.1,7.31,4.76,1.1,0.299,66.8 %,49.5 %,11.7 %,5.01,4.73,1.7
,2010,James,Shields,Rays,203.1,8.28,2.26,1.5,0.341,68.4 %,41.3 %,13.8 %,4.24,3.55,1.7
,2006,Ian,Snell,Pirates,186,8.18,3.58,1.4,0.314,72.8 %,42.8 %,14.9 %,4.58,4.03,1.7
,2011,Paul,Maholm,Pirates,162.1,5.38,2.77,0.61,0.286,72.1 %,49.9 %,7.5 %,3.78,4.03,1.7
,2006,Rodrigo,Lopez,Orioles,189,6.48,2.81,1.52,0.328,66.6 %,42.6 %,14.3 %,4.91,4.37,1.7
,2008,Greg,Smith,Athletics,190.1,5.25,4.11,0.99,0.256,72.7 %,34.2 %,7.9 %,4.82,5.23,1.7
,2004,Mark,Redman,Athletics,191,4.81,3.2,1.32,0.303,72.0 %,40.1 %,10.9 %,5.05,5.06,1.7
,2008,Greg,Maddux,- - -,194,4.55,1.39,0.97,0.282,64.1 %,49.3 %,10.9 %,4.09,3.98,1.7
,2004,Kyle,Lohse,Twins,194,5.15,3.53,1.3,0.321,68.7 %,44.9 %,11.2 %,5.06,5.02,1.7
,2011,Jeremy,Hellickson,Rays,189,5.57,3.43,1,0.223,82.0 %,35.0 %,8.1 %,4.44,4.72,1.7
,2010,Bronson,Arroyo,Reds,215.2,5.05,2.46,1.21,0.239,74.4 %,43.4 %,10.5 %,4.61,4.42,1.7
,2010,Jon,Niese,Mets,173.2,7.67,3.21,1.04,0.324,70.6 %,47.7 %,11.8 %,4.1,3.8,1.7
,2009,Jeremy,Guthrie,Orioles,200,4.95,2.7,1.57,0.286,70.9 %,34.7 %,10.9 %,5.31,5.13,1.7
,2009,Rick,Porcello,Tigers,170.2,4.69,2.74,1.21,0.277,75.5 %,54.2 %,14.1 %,4.77,4.27,1.6
,2005,Mark,Mulder,Cardinals,205,4.87,3.07,0.83,0.293,76.0 %,60.5 %,13.7 %,4.3,4.03,1.6
,2004,Darrell,May,Royals,186,5.81,2.66,1.84,0.318,67.7 %,34.7 %,12.6 %,5.33,4.98,1.6
,2010,Jake,Westbrook,- - -,202.2,5.68,3.02,0.89,0.288,71.7 %,56.4 %,11.7 %,4.22,3.97,1.6
,2000,Jamey,Wright,Brewers,164.2,5.25,4.81,0.66,0.288,73.9 %, , ,4.85, ,1.6
,2012,Ross,Detwiler,Nationals,164.1,5.75,2.85,0.82,0.263,70.8 %,50.8 %,9.0 %,4.04,4.34,1.6
,2008,Todd,Wellemeyer,Cardinals,191.2,6.29,2.91,1.17,0.264,76.9 %,39.3 %,10.6 %,4.51,4.44,1.6
,2008,John,Lackey,Angels,163.1,7.16,2.2,1.43,0.288,80.2 %,45.1 %,15.3 %,4.53,3.83,1.6
,2010,Kyle,Davies,Royals,183.2,6.17,3.92,0.98,0.316,66.9 %,40.8 %,7.9 %,4.46,4.73,1.6
,2004,Adam,Eaton,Padres,199.1,6.91,2.35,1.26,0.291,67.5 %,38.0 %,10.5 %,4.27,4.34,1.6
,2008,Jon,Garland,Angels,196.2,4.12,2.7,1.05,0.313,69.2 %,49.9 %,11.9 %,4.76,4.54,1.6
,2010,Matt,Garza,Rays,204.2,6.6,2.77,1.23,0.272,75.5 %,35.8 %,10.0 %,4.42,4.31,1.6
,2011,Randy,Wolf,Brewers,212.1,5.68,2.8,0.97,0.286,75.9 %,37.4 %,8.6 %,4.29,4.46,1.6
,2011,Josh,Tomlin,Indians,165.1,4.84,1.14,1.31,0.253,68.5 %,38.2 %,11.1 %,4.27,4.03,1.6
,2005,Casey,Fossum,Devil Rays,162.2,7.08,3.32,1.16,0.299,67.7 %,38.6 %,10.6 %,4.56,4.56,1.6
,2012,Luis,Mendoza,Royals,166,5.64,3.2,0.81,0.31,72.0 %,52.1 %,10.6 %,4.28,4.36,1.6
,2011,Livan,Hernandez,Nationals,175.1,5.08,2.36,0.82,0.313,66.8 %,42.4 %,7.6 %,3.96,4.28,1.6
,2001,Matt,Clement,Marlins,169.1,7.12,4.52,0.8,0.307,67.7 %, , ,4.39, ,1.6
,2000,Jason,Bere,- - -,169.1,7.55,4.73,1.33,0.306,69.9 %, , ,5.04, ,1.6
,2002,Tanyon,Sturtze,Devil Rays,224,5.5,3.58,1.33,0.322,70.6 %,36.1 %,11.0 %,4.97,4.91,1.6
,2003,Jon,Garland,White Sox,191.2,5.07,3.47,1.31,0.267,71.9 %,45.4 %,14.1 %,5.02,4.63,1.6
,2001,Tanyon,Sturtze,Devil Rays,195.1,5.07,3.64,1.06,0.287,74.3 %, , ,4.81, ,1.6
,2009,Bronson,Arroyo,Reds,220.1,5.19,2.66,1.27,0.265,76.5 %,44.8 %,11.9 %,4.78,4.5,1.6
,2011,Chris,Capuano,Mets,186,8.13,2.56,1.31,0.311,72.0 %,42.7 %,12.0 %,4.04,3.67,1.6
,2011,Bud,Norris,Astros,186,8.52,3.39,1.16,0.294,72.8 %,39.7 %,11.7 %,4.02,3.73,1.6
,2008,Armando,Galarraga,Tigers,178.2,6.35,3.07,1.41,0.236,75.6 %,43.5 %,13.0 %,4.88,4.43,1.6
,2003,Nate,Cornejo,Tigers,194.2,2.13,2.68,0.83,0.304,68.4 %,50.6 %,8.6 %,4.7,5.06,1.6
,2011,Charlie,Morton,Pirates,171.2,5.77,4.04,0.31,0.32,72.5 %,58.5 %,5.8 %,3.77,4.08,1.6
,2008,Aaron,Harang,Reds,184.1,7.47,2.44,1.71,0.307,73.6 %,34.1 %,13.9 %,4.79,4.12,1.6
,2001,Robert,Person,Phillies,208.1,7.91,3.46,1.47,0.258,74.8 %, , ,4.68, ,1.6
,2004,Bartolo,Colon,Angels,208.1,6.83,3.07,1.64,0.282,70.8 %,38.4 %,13.1 %,4.97,4.57,1.6
,2005,Bruce,Chen,Orioles,197.1,6.07,2.87,1.51,0.259,77.5 %,38.0 %,13.6 %,4.94,4.47,1.6
,2004,Paul,Wilson,Reds,183.2,5.73,3.09,1.27,0.284,75.0 %,42.8 %,11.4 %,4.77,4.7,1.6
,2012,Aaron,Harang,Dodgers,179.2,6.56,4.26,0.7,0.277,72.3 %,38.6 %,6.3 %,4.14,4.95,1.6
,2005,Nate,Robertson,Tigers,196.2,5.58,2.97,1.28,0.279,68.6 %,49.6 %,14.4 %,4.73,4.25,1.6
,2001,Woody,Williams,- - -,220,6.3,2.29,1.43,0.283,74.5 %, , ,4.59, ,1.6
,2003,Freddy,Garcia,Mariners,201.1,6.44,3.17,1.39,0.273,72.0 %,41.0 %,13.0 %,4.82,4.55,1.6
,2012,Clay,Buchholz,Red Sox,189.1,6.13,3.04,1.19,0.283,69.7 %,47.6 %,13.0 %,4.65,4.43,1.6
,2007,Barry,Zito,Giants,196.2,5.99,3.8,1.1,0.26,69.7 %,39.1 %,9.6 %,4.82,4.84,1.5
,2009,J.A.,Happ,Phillies,166,6.45,3.04,1.08,0.266,85.2 %,38.4 %,9.5 %,4.33,4.43,1.5
,2001,Tom,Glavine,Braves,219.1,4.76,3.98,0.98,0.274,79.0 %, , ,4.77, ,1.5
,2006,Jeff,Suppan,Cardinals,190,4.93,3.27,0.99,0.293,72.3 %,46.8 %,10.8 %,4.7,4.7,1.5
,2003,Steve,Trachsel,Mets,204.2,4.88,2.86,1.14,0.273,77.3 %,37.4 %,9.8 %,4.59,4.84,1.5
,2002,Rick,Helling,Diamondbacks,175.2,6.15,2.46,1.59,0.273,73.5 %,33.3 %,12.1 %,4.81,4.54,1.5
,2005,Tim,Hudson,Braves,192,5.39,3.05,0.94,0.286,78.8 %,58.6 %,15.9 %,4.33,3.88,1.5
,2002,Sidney,Ponson,Orioles,176,6.14,3.22,1.33,0.278,76.3 %,46.3 %,15.0 %,4.63,4.07,1.5
,2003,Odalis,Perez,Dodgers,185.1,6.85,2.23,1.36,0.294,70.7 %,53.0 %,19.7 %,4.27,3.42,1.5
,2006,Chris,Young,Padres,179.1,8.23,3.46,1.41,0.226,80.7 %,25.4 %,10.4 %,4.6,4.68,1.5
,2007,Paul,Maholm,Pirates,177.2,5.32,2.48,1.11,0.312,65.3 %,53.3 %,12.7 %,4.6,4.21,1.5
,2006,Mark,Redman,Royals,167,4.1,3.4,1.02,0.319,66.2 %,44.4 %,9.4 %,4.99,5.22,1.5
,2008,Vicente,Padilla,Rangers,171,6.68,3.42,1.37,0.303,72.2 %,42.7 %,12.5 %,5.03,4.65,1.5
,2008,Brian,Bannister,Royals,182.2,5.57,2.86,1.43,0.308,63.9 %,37.5 %,11.5 %,5.03,4.78,1.5
,2001,Jimmy,Haynes,Brewers,172.2,5.84,4.07,1.04,0.299,70.3 %, , ,4.68, ,1.5
,2002,Brandon,Duckworth,Phillies,163,9.22,3.81,1.44,0.309,67.8 %,35.9 %,13.1 %,4.39,3.99,1.5
,2009,Doug,Davis,Diamondbacks,203.1,6.46,4.56,1.11,0.291,76.0 %,43.1 %,11.6 %,4.84,4.63,1.5
,2005,Jeff,Suppan,Cardinals,194.1,5.28,2.92,1.11,0.291,75.5 %,46.3 %,11.8 %,4.53,4.37,1.5
,2010,Paul,Maholm,Pirates,185.1,4.95,3.01,0.73,0.327,64.8 %,50.9 %,7.7 %,4.18,4.41,1.5
,2004,Josh,Fogg,Pirates,178.1,4.14,3.33,0.86,0.295,69.5 %,46.2 %,8.6 %,4.61,4.95,1.5
,2010,Chris,Volstad,Marlins,175,5.25,3.09,0.87,0.298,69.6 %,47.9 %,8.8 %,4.34,4.43,1.5
,2000,James,Baldwin,White Sox,178,5.87,2.98,1.72,0.279,76.3 %, , ,5.44, ,1.5
,2011,Ted,Lilly,Dodgers,192.2,7.38,2.38,1.31,0.26,74.7 %,33.6 %,10.6 %,4.21,4.03,1.4
,2007,Jason,Marquis,Cubs,191.2,5.12,3.57,1.03,0.268,67.7 %,49.5 %,10.5 %,4.99,4.86,1.4
,2000,Woody,Williams,Padres,168,5.95,2.89,1.23,0.253,76.4 %, , ,4.61, ,1.4
,2012,Bud,Norris,Astros,168.1,8.82,3.53,1.23,0.301,72.1 %,39.2 %,12.0 %,4.23,4.12,1.4
,2003,Gil,Meche,Mariners,186.1,6.28,3.04,1.45,0.281,73.9 %,36.8 %,13.5 %,4.79,4.44,1.4
,2004,Jason,Marquis,Cardinals,201.1,6.17,3.13,1.16,0.3,79.3 %,55.2 %,15.8 %,4.55,4.03,1.4
,2002,Paul,Wilson,Devil Rays,193.2,5.16,3.11,1.35,0.301,72.0 %,41.1 %,12.6 %,5,4.7,1.4
,2002,Steve,Sparks,Tigers,189,4.67,3.19,1.1,0.322,64.3 %,45.8 %,9.8 %,4.76,4.9,1.4
,2003,Horacio,Ramirez,Braves,182.1,4.94,3.55,1.04,0.275,73.2 %,48.4 %,12.7 %,4.72,4.54,1.4
,2004,Russ,Ortiz,Braves,204.2,6.29,4.93,1.01,0.283,76.5 %,41.6 %,9.8 %,4.8,4.96,1.4
,2012,Ivan,Nova,Yankees,170.1,8.08,2.96,1.48,0.331,72.5 %,45.2 %,16.6 %,4.6,3.92,1.4
,2004,Cliff,Lee,Indians,179,8.09,4.07,1.51,0.304,70.2 %,33.4 %,12.4 %,4.97,4.71,1.4
,2004,Ryan,Franklin,Mariners,200.1,4.67,2.74,1.48,0.289,72.0 %,35.0 %,10.7 %,5.22,5.25,1.4
,2002,Elmer,Dessens,Reds,178,4.7,2.48,1.21,0.264,81.4 %,48.8 %,13.1 %,4.61,4.28,1.4
,2012,Mike,Minor,Braves,179.1,7.28,2.81,1.3,0.252,70.6 %,35.4 %,11.7 %,4.38,4.32,1.4
,2007,Josh,Fogg,Rockies,165.2,5.11,3.21,1.25,0.308,71.4 %,40.0 %,10.1 %,5.21,5.13,1.4
,2007,Boof,Bonser,Twins,173,7.08,3.38,1.4,0.319,69.6 %,45.0 %,12.9 %,4.91,4.4,1.4
,2001,Omar,Daal,Phillies,185.2,5.19,2.71,1.26,0.285,71.6 %, , ,4.7, ,1.4
,2000,Paul,Abbott,Mariners,179,5.03,4.02,1.16,0.253,73.8 %, , ,5.11, ,1.3
,2008,Braden,Looper,Cardinals,199,4.88,2.04,1.13,0.292,72.2 %,48.4 %,11.7 %,4.52,4.31,1.3
,2003,Shane,Reynolds,Braves,167.1,5.06,3.17,1.08,0.311,67.0 %,44.7 %,11.3 %,4.66,4.65,1.3
,2012,James,McDonald,Pirates,171,7.95,3.63,1.11,0.269,70.8 %,39.2 %,11.3 %,4.21,4.21,1.3
,2009,Mike,Pelfrey,Mets,184.1,5.22,3.22,0.88,0.312,66.7 %,51.3 %,9.5 %,4.39,4.47,1.3
,2008,Edwin,Jackson,Rays,183.1,5.3,3.78,1.13,0.302,76.1 %,39.1 %,9.6 %,4.88,4.97,1.3
,2005,Brian,Lawrence,Padres,195.2,5.01,2.62,0.83,0.294,68.2 %,46.7 %,8.4 %,4.14,4.46,1.3
,2011,Wandy,Rodriguez,Astros,191,7.82,3.25,1.18,0.289,79.2 %,45.2 %,13.0 %,4.15,3.72,1.3
,2010,Joe,Saunders,- - -,203.1,5.05,2.83,1.11,0.308,68.1 %,43.7 %,9.8 %,4.57,4.5,1.3
,2001,Pat,Rapp,Angels,170,4.34,3.76,1.06,0.268,68.2 %, , ,4.9, ,1.3
,2009,Johnny,Cueto,Reds,171.1,6.93,3.2,1.26,0.291,73.6 %,41.6 %,11.2 %,4.69,4.51,1.3
,2005,Tomo,Ohka,- - -,180.1,4.89,2.74,1.1,0.28,73.5 %,39.8 %,9.8 %,4.48,4.61,1.3
,2012,Luke,Hochevar,Royals,185.1,6.99,2.96,1.31,0.315,62.6 %,43.3 %,13.5 %,4.63,4.32,1.3
,2011,Jason,Hammel,Rockies,170.1,4.97,3.59,1.11,0.28,67.9 %,43.9 %,10.9 %,4.83,4.65,1.3
,2012,Mike,Leake,Reds,179,5.83,2.06,1.31,0.306,71.0 %,48.9 %,16.7 %,4.42,3.82,1.3
,2003,Brian,Lawrence,Padres,210.2,4.96,2.44,1.15,0.266,71.1 %,49.5 %,12.7 %,4.56,4.37,1.3
,2009,Livan,Hernandez,- - -,183.2,5,3.28,0.93,0.326,67.3 %,40.6 %,8.4 %,4.44,4.72,1.3
,2005,Victor,Zambrano,Mets,166.1,6.06,4.17,0.65,0.297,72.2 %,50.0 %,7.7 %,4.27,4.63,1.3
,2008,Livan,Hernandez,- - -,180,3.35,2.15,1.25,0.344,64.8 %,44.5 %,10.7 %,4.94,4.84,1.3
,2008,Oliver,Perez,Mets,194,8.35,4.87,1.11,0.271,73.4 %,32.0 %,9.8 %,4.68,4.74,1.3
,2003,Paul,Wilson,Reds,166.2,5.02,2.7,1.3,0.299,70.3 %,42.2 %,12.9 %,4.81,4.57,1.3
,2008,Nate,Robertson,Tigers,168.2,5.76,3.31,1.39,0.341,64.3 %,44.5 %,12.4 %,4.99,4.62,1.3
,2008,Barry,Zito,Giants,180,6,5.1,0.8,0.295,65.7 %,36.4 %,6.8 %,4.72,5.28,1.3
,2002,Glendon,Rusch,Brewers,210.2,5.98,3.25,1.28,0.298,71.4 %,48.2 %,14.4 %,4.64,4.16,1.3
,2008,Ian,Snell,Pirates,164.1,7.39,4.87,0.99,0.351,69.3 %,37.9 %,9.2 %,4.57,4.72,1.3
,2011,Mike,Leake,Reds,167.2,6.33,2.04,1.23,0.269,75.8 %,47.7 %,13.9 %,4.22,3.68,1.3
,2000,Dustin,Hermanson,Expos,198,4.27,3.41,1.18,0.295,65.9 %, , ,5.09, ,1.2
,2004,Esteban,Loaiza,- - -,183,5.75,3.49,1.57,0.311,67.8 %,40.4 %,12.9 %,5.26,4.92,1.2
,2010,A.J.,Burnett,Yankees,186.2,6.99,3.76,1.21,0.319,68.8 %,44.9 %,11.6 %,4.83,4.49,1.2
,2000,Jimmy,Haynes,Brewers,199.1,3.97,4.52,0.95,0.304,67.7 %, , ,5.23, ,1.2
,2004,Al,Leiter,Mets,173.2,6.06,5.03,0.83,0.24,81.0 %,40.8 %,7.7 %,4.76,5.27,1.2
,2000,Andy,Benes,Cardinals,166,7.43,3.69,1.63,0.298,73.6 %, , ,5.08, ,1.2
,2004,Steve,Trachsel,Mets,202.2,5.2,3.69,1.11,0.273,73.1 %,43.4 %,9.9 %,4.8,4.97,1.2
,2001,A.J.,Burnett,Marlins,173.1,6.65,4.31,1.04,0.253,73.9 %, , ,4.63, ,1.2
,2004,Jose,Contreras,- - -,170.1,7.93,4.44,1.64,0.278,67.1 %,44.1 %,15.3 %,5.27,4.59,1.2
,2010,Kevin,Millwood,Orioles,190.2,6.23,3.07,1.42,0.317,70.6 %,37.2 %,11.6 %,4.86,4.46,1.2
,2008,Johnny,Cueto,Reds,174,8.17,3.52,1.5,0.298,72.5 %,38.6 %,13.9 %,4.9,4.31,1.2
,2005,Scott,Elarton,Indians,181.2,5.1,2.38,1.59,0.268,72.2 %,32.8 %,11.6 %,5.07,4.87,1.2
,2009,Joe,Saunders,Angels,186,4.89,3.1,1.4,0.286,73.5 %,47.0 %,12.8 %,5.17,4.74,1.2
,2006,Paul,Maholm,Pirates,176,5.98,4.14,0.97,0.327,73.4 %,53.0 %,12.8 %,4.81,4.59,1.1
,2008,Paul,Byrd,- - -,180,4.1,1.7,1.55,0.285,73.9 %,35.8 %,11.9 %,5.14,4.81,1.1
,2002,Tony,Armas,Jr.,164.1,7.17,4.27,1.2,0.272,72.3 %,47.2 %,14.6 %,4.66,4.19,1.1
,2003,Jason,Davis,Indians,165.1,4.63,2.56,1.36,0.277,65.6 %,47.1 %,14.3 %,4.97,4.54,1.1
,2011,Brett,Myers,Astros,216,6.67,2.37,1.29,0.293,70.2 %,47.7 %,13.3 %,4.26,3.75,1.1
,2004,Jeff,Suppan,Cardinals,188,5.27,3.11,1.2,0.277,72.6 %,47.9 %,12.3 %,4.77,4.58,1.1
,2011,A.J.,Burnett,Yankees,190.1,8.18,3.92,1.47,0.294,70.0 %,49.2 %,17.0 %,4.77,3.86,1.1
,2003,Victor,Zambrano,Devil Rays,188.1,6.31,5.07,1,0.259,74.2 %,45.7 %,11.0 %,5.09,5.12,1.1
,2000,Kirk,Rueter,Giants,184,3.47,3.03,1.13,0.284,74.8 %, , ,5.03, ,1.1
,2003,Tom,Glavine,Mets,183.1,4.03,3.24,1.03,0.297,73.5 %,46.4 %,10.5 %,4.74,4.84,1.1
,2012,Edinson,Volquez,Padres,182.2,8.57,5.17,0.69,0.292,73.1 %,50.6 %,9.9 %,4.06,4.2,1.1
,2007,Braden,Looper,Cardinals,175,4.47,2.62,1.13,0.277,66.6 %,42.2 %,10.2 %,4.82,4.74,1.1
,2002,Kirk,Rueter,Giants,203.2,3.36,2.39,0.97,0.263,77.1 %,44.4 %,9.2 %,4.43,4.64,1.1
,2011,John,Lannan,Nationals,184.2,5.17,3.7,0.73,0.296,73.1 %,54.1 %,10.1 %,4.28,4.24,1.1
,2000,Chris,Carpenter,Blue Jays,175.1,5.8,4.26,1.54,0.309,64.8 %, , ,5.58, ,1.1
,2004,Eric,Milton,Phillies,201,7.21,3.36,1.93,0.263,76.5 %,30.1 %,13.5 %,5.36,4.84,1
,2006,Cory,Lidle,- - -,170.2,6.86,3.06,1.58,0.293,72.1 %,49.7 %,16.9 %,5.12,4.3,1
,2012,Tim,Lincecum,Giants,186,9.19,4.35,1.11,0.309,67.8 %,45.9 %,14.6 %,4.18,3.82,1
,2004,Shawn,Estes,Rockies,202,5.21,4.68,1.34,0.301,69.4 %,51.3 %,14.6 %,5.54,5.06,1
,2008,John,Lannan,Nationals,182,5.79,3.56,1.14,0.266,74.0 %,54.2 %,15.2 %,4.79,4.24,1
,2007,Tom,Glavine,Mets,200.1,4,2.88,1.03,0.29,72.6 %,41.8 %,9.1 %,4.86,4.95,1
,2002,Ryan,Dempster,- - -,209,6.59,4,1.21,0.317,69.9 %,42.3 %,11.8 %,4.72,4.55,1
,2011,Wade,Davis,Rays,184,5.14,3.08,1.13,0.28,72.1 %,36.3 %,8.8 %,4.67,4.82,1
,2002,Ryan,Jensen,Giants,171.2,5.5,3.46,1.1,0.296,71.7 %,36.7 %,9.1 %,4.57,4.83,1
,2000,Matt,Clement,Padres,205,7.46,5.49,0.97,0.283,67.1 %, , ,4.93, ,1
,2010,Jeff,Niemann,Rays,174.1,6.76,3.15,1.29,0.263,73.4 %,44.4 %,12.2 %,4.61,4.18,1
,2009,John,Lannan,Nationals,206.1,3.88,2.97,0.96,0.272,72.7 %,51.9 %,10.5 %,4.7,4.64,1
,2005,Kris,Benson,Mets,174.1,4.9,2.53,1.24,0.26,72.5 %,44.0 %,11.4 %,4.63,4.51,1
,2000,Russ,Ortiz,Giants,195.2,7.68,5.15,1.29,0.294,71.4 %, , ,5.11, ,1
,2011,Roberto,Hernandez,Indians,188.2,5.2,2.86,1.05,0.291,62.1 %,54.8 %,13.0 %,4.56,4.17,1
,2008,Kenny,Rogers,Tigers,173.2,4.25,3.68,1.14,0.318,66.6 %,41.5 %,9.7 %,5.22,5.29,1
,2002,Mike,Hampton,Rockies,178.2,3.73,4.58,1.21,0.318,65.3 %,47.4 %,12.1 %,5.53,5.31,1
,2004,Brian,Lawrence,Padres,203,5.36,2.44,1.15,0.303,74.3 %,51.9 %,13.3 %,4.44,4.15,1
,2005,Ryan,Franklin,Mariners,190.2,4.39,2.93,1.32,0.287,70.7 %,40.9 %,10.0 %,5.04,5.16,1
,2009,Ross,Ohlendorf,Pirates,176.2,5.55,2.7,1.27,0.264,76.3 %,40.6 %,11.1 %,4.72,4.56,1
,2003,Ryan,Franklin,Mariners,212,4.2,2.59,1.44,0.245,79.5 %,34.3 %,11.1 %,5.17,5.19,1
,2000,Kent,Bottenfield,- - -,171.2,5.56,4.04,1.57,0.282,71.3 %, , ,5.57, ,1
,2002,Andy,Ashby,Dodgers,181.2,5.3,3.22,0.99,0.278,74.6 %,47.3 %,10.8 %,4.42,4.4,1
,2008,Scott,Olsen,Marlins,201.2,5.04,3.08,1.34,0.258,71.6 %,37.4 %,10.9 %,5.02,4.89,0.9
,2012,Barry,Zito,Giants,184.1,5.57,3.42,0.98,0.281,73.0 %,40.4 %,8.7 %,4.49,4.92,0.9
,2012,Jeremy,Guthrie,- - -,181.2,5,2.48,1.49,0.294,70.0 %,40.8 %,13.5 %,5.1,4.75,0.9
,2012,Jeremy,Hellickson,Rays,177,6.31,3,1.27,0.261,82.7 %,41.8 %,12.4 %,4.6,4.44,0.9
,2003,Ramon,Ortiz,Angels,180,4.7,3.15,1.4,0.293,66.6 %,35.7 %,11.2 %,5.26,5.25,0.9
,2002,Damian,Moss,Braves,179,5.58,4.47,1.01,0.232,74.9 %,41.8 %,9.6 %,4.77,4.93,0.9
,2011,Joe,Saunders,Diamondbacks,212,4.58,2.84,1.23,0.271,77.7 %,44.5 %,12.4 %,4.78,4.38,0.9
,2008,Dave,Bush,Brewers,185,5.3,2.34,1.41,0.236,71.5 %,41.1 %,12.0 %,4.93,4.61,0.9
,2005,Jamey,Wright,Rockies,171.1,5.31,4.25,1.16,0.318,66.9 %,52.7 %,14.3 %,5.19,4.76,0.9
,2001,James,Baldwin,- - -,175,4.89,3.24,1.29,0.289,73.5 %, , ,5.02, ,0.9
,2012,Tommy,Hanson,Braves,174.2,8.3,3.66,1.39,0.314,74.1 %,39.8 %,13.5 %,4.57,4.24,0.8
,2011,Chris,Volstad,Marlins,165.2,6.36,2.66,1.25,0.31,68.9 %,52.3 %,15.5 %,4.32,3.64,0.8
,2011,Tim,Stauffer,Padres,185.2,6.2,2.57,0.97,0.282,75.1 %,51.8 %,12.5 %,4.03,3.71,0.8
,2012,Jason,Vargas,Mariners,217.1,5.84,2.28,1.45,0.254,78.6 %,40.2 %,12.8 %,4.69,4.45,0.8
,2003,Brett,Tomko,Cardinals,202.2,5.06,2.53,1.55,0.314,70.9 %,46.3 %,15.0 %,5.07,4.5,0.8
,2000,Darren,Dreifort,Dodgers,192.2,7.66,4.06,1.45,0.263,73.3 %, , ,5.06, ,0.8
,2004,Brett,Myers,Phillies,176,5.93,3.17,1.59,0.293,68.5 %,47.1 %,15.9 %,5.18,4.46,0.8
,2004,Kirk,Rueter,Giants,190.1,2.65,3.12,0.99,0.293,70.1 %,49.9 %,9.6 %,4.95,5.14,0.8
,2008,Tim,Redding,Nationals,182,5.93,3.21,1.34,0.294,68.5 %,39.8 %,11.3 %,4.93,4.72,0.8
,2001,Paul,Abbott,Mariners,163,6.52,4.8,1.16,0.26,76.3 %, , ,5.01, ,0.8
,2004,Matt,Morris,Cardinals,202,5.84,2.5,1.56,0.273,69.3 %,51.3 %,16.8 %,4.93,4.14,0.8
,2010,Jeremy,Bonderman,Tigers,171,5.89,3.16,1.32,0.296,64.9 %,44.7 %,11.4 %,4.9,4.56,0.7
,2011,Jake,Westbrook,Cardinals,183.1,5.11,3.58,0.79,0.313,69.1 %,59.3 %,11.4 %,4.25,4.08,0.7
,2001,Kirk,Rueter,Giants,195.1,3.82,3.04,1.15,0.284,71.8 %, , ,4.94, ,0.7
,2010,Wade,Davis,Rays,168,6.05,3.32,1.29,0.272,78.1 %,39.2 %,10.4 %,4.79,4.61,0.7
,2007,Dontrelle,Willis,Marlins,205.1,6.4,3.81,1.27,0.318,70.0 %,46.4 %,13.4 %,5.13,4.62,0.7
,2001,Jason,Johnson,Orioles,196,5.23,3.54,1.29,0.266,71.5 %, , ,5.12, ,0.7
,2010,Randy,Wolf,Brewers,215.2,5.93,3.63,1.21,0.275,75.3 %,39.4 %,10.2 %,4.85,4.71,0.7
,2000,Omar,Daal,- - -,167,5.17,3.88,1.4,0.318,63.7 %, , ,5.46, ,0.7
,2002,Brett,Tomko,Padres,204.1,5.55,2.64,1.37,0.278,72.4 %,45.5 %,13.8 %,4.61,4.16,0.7
,2004,Brian,Anderson,Royals,166,3.8,2.87,1.79,0.313,65.8 %,34.4 %,12.8 %,5.77,5.39,0.7
,2002,Pedro,Astacio,Mets,191.2,7.14,2.96,1.5,0.283,72.9 %,40.3 %,13.7 %,4.78,4.3,0.6
,2007,Kip,Wells,Cardinals,162.2,6.75,4.32,1.05,0.32,63.7 %,48.2 %,11.0 %,4.86,4.68,0.6
,2011,Aaron,Harang,Padres,170.2,6.54,3.06,1.05,0.302,78.4 %,40.6 %,9.4 %,4.17,4.21,0.6
,2010,Jon,Garland,Padres,200,6.12,3.92,0.9,0.265,75.9 %,51.9 %,11.0 %,4.41,4.22,0.6
,2011,Jeff,Karstens,Pirates,162.1,5.32,1.83,1.22,0.275,77.4 %,46.2 %,11.5 %,4.29,4,0.6
,2010,Rodrigo,Lopez,Diamondbacks,200,5.22,2.52,1.67,0.287,68.3 %,37.6 %,13.3 %,5.21,4.5,0.6
,2006,Kris,Benson,Orioles,183,4.33,2.85,1.62,0.279,73.0 %,41.3 %,13.9 %,5.59,5.08,0.6
,2002,Josh,Fogg,Pirates,194.1,5.23,3.2,1.3,0.279,73.5 %,46.6 %,13.2 %,4.86,4.5,0.6
,2011,Mike,Pelfrey,Mets,193.2,4.88,3.02,0.98,0.301,68.9 %,45.6 %,9.1 %,4.47,4.55,0.6
,2012,Kevin,Correia,Pirates,171,4.68,2.42,1.05,0.274,69.0 %,51.2 %,12.0 %,4.43,4.34,0.6
,2001,Jamey,Wright,Brewers,194.2,5.96,4.53,1.2,0.294,72.2 %, , ,5.28, ,0.5
,2011,Brad,Penny,Tigers,181.2,3.67,3.07,1.19,0.31,67.2 %,49.5 %,11.3 %,5.02,4.77,0.5
,2000,Brian,Meadows,- - -,196.1,3.62,2.93,1.47,0.294,71.6 %, , ,5.55, ,0.5
,2010,Kyle,Kendrick,Phillies,180.2,4.18,2.44,1.3,0.284,69.0 %,44.5 %,10.9 %,4.88,4.62,0.5
,2000,Jesus,Sanchez,Marlins,182,6.08,3.76,1.58,0.289,68.5 %, , ,5.39, ,0.4
,2010,Brad,Bergesen,Orioles,170,4.29,2.7,1.38,0.287,68.5 %,48.7 %,11.9 %,5.14,4.71,0.4
,2006,Joel,Pineiro,Mariners,165.2,4.73,3.48,1.25,0.327,63.8 %,47.5 %,13.4 %,5.24,4.9,0.4
,2003,Mike,Maroth,Tigers,193.1,4.05,2.33,1.58,0.295,65.5 %,44.3 %,16.1 %,5.32,4.62,0.4
,2007,Scott,Olsen,Marlins,176.2,6.78,4.33,1.48,0.341,65.6 %,37.6 %,12.8 %,5.33,4.81,0.4
,2005,Jason,Marquis,Cardinals,207,4.35,3,1.26,0.266,71.0 %,51.3 %,13.6 %,4.95,4.55,0.4
,2009,Trevor,Cahill,Athletics,178.2,4.53,3.63,1.36,0.272,72.6 %,47.8 %,13.2 %,5.33,4.86,0.4
,2005,Josh,Fogg,Pirates,169.1,4.52,2.82,1.44,0.296,68.6 %,39.7 %,11.9 %,5.13,4.9,0.3
,2006,Jeff,Weaver,- - -,172,5.6,2.46,1.78,0.313,68.8 %,39.0 %,14.9 %,5.47,4.76,0.3
,2008,Daniel,Cabrera,Orioles,180,4.75,4.5,1.2,0.295,72.4 %,48.0 %,12.2 %,5.61,5.31,0.3
,2001,Kevin,Jarvis,Padres,193.1,6.19,2.28,1.72,0.26,71.1 %, , ,5, ,0.3
,2003,Jake,Peavy,Padres,194.2,7.21,3.79,1.53,0.255,77.8 %,39.4 %,14.8 %,4.99,4.46,0.3
,2001,Bobby,Jones,Padres,195,5.22,1.75,1.71,0.31,64.5 %, , ,5, ,0.3
,2012,Ricky,Romero,Blue Jays,181,6.17,5.22,1.04,0.311,67.4 %,53.5 %,13.8 %,5.14,4.86,0.2
,2005,Kip,Wells,Pirates,182,6.53,4.9,1.14,0.29,68.4 %,44.7 %,12.0 %,5.04,4.85,0.2
,2012,Henderson,Alvarez,Blue Jays,187.1,3.8,2.59,1.39,0.291,70.1 %,57.0 %,18.1 %,5.18,4.42,0.2
,2004,Kazuhisa,Ishii,Dodgers,172,5.18,5.13,1.1,0.254,70.3 %,31.6 %,8.0 %,5.26,5.83,0.2
,2001,Dustin,Hermanson,Cardinals,192.1,5.76,3.42,1.59,0.272,74.4 %, , ,5.33, ,0.2
,2004,Jose,Lima,Dodgers,170.1,4.91,1.8,1.74,0.268,79.1 %,44.3 %,16.3 %,5.09,4.26,0.2
,2007,Livan,Hernandez,Diamondbacks,204.1,3.96,3.48,1.5,0.303,76.0 %,38.5 %,11.8 %,5.77,5.37,0.2
,2005,Jose,Lima,Royals,168.2,4.27,3.25,1.65,0.314,60.7 %,36.2 %,12.4 %,5.71,5.36,0.2
,2005,Horacio,Ramirez,Braves,202.1,3.56,2.98,1.38,0.274,73.0 %,48.1 %,16.1 %,5.24,4.57,0.2
,2012,Ubaldo,Jimenez,Indians,176.2,7.28,4.84,1.27,0.309,68.6 %,38.4 %,11.8 %,5.06,4.98,0.1
,2011,James,McDonald,Pirates,171,7.47,4.11,1.26,0.302,77.0 %,38.9 %,11.0 %,4.68,4.46,0.1
,2005,Eric,Milton,Reds,186.1,5.94,2.51,1.93,0.311,64.6 %,32.4 %,13.1 %,5.44,4.91,0.1
,2006,Steve,Trachsel,Mets,164.2,4.32,4.26,1.26,0.293,73.7 %,41.5 %,10.1 %,5.5,5.62,0.1
,2010,Dave,Bush,Brewers,174.1,5.52,3.36,1.45,0.295,69.8 %,39.5 %,11.3 %,5.13,4.78,0.1
,2007,Woody,Williams,Astros,188,4.84,2.54,1.68,0.286,72.0 %,39.2 %,12.1 %,5.62,5.13,0
,2003,Danny,Graves,Reds,169,3.2,2.18,1.6,0.289,68.6 %,44.6 %,15.5 %,5.48,4.85,0
,2000,Jose,Lima,Astros,196.1,5.68,3.12,2.2,0.311,66.6 %, , ,6.12, ,0
,2003,Garrett,Stephenson,Cardinals,174.1,4.7,3.1,1.55,0.248,73.7 %,31.2 %,12.1 %,5.48,5.31,-0.1
,2006,Ramon,Ortiz,Nationals,190.2,4.91,3.02,1.46,0.304,68.9 %,40.8 %,11.7 %,5.46,5.29,-0.1
,2004,Jamie,Moyer,Mariners,202,5.57,2.81,1.96,0.268,71.5 %,39.4 %,15.2 %,5.74,4.94,-0.1
,2005,Ramon,Ortiz,Reds,171.1,5.04,2.68,1.79,0.303,71.2 %,43.6 %,15.6 %,5.49,4.67,-0.1
,2006,Carlos,Silva,Twins,180.1,3.49,1.6,1.9,0.313,66.9 %,43.6 %,16.1 %,5.76,4.86,-0.1
,2001,Jose,Lima,- - -,165.2,4.56,2.06,1.9,0.293,66.7 %, , ,5.63, ,-0.2
,2007,Matt,Chico,Nationals,167,5.07,3.99,1.4,0.286,73.6 %,33.4 %,9.8 %,5.56,5.52,-0.2
,2012,Clayton,Richard,Padres,218.2,4.4,1.73,1.28,0.272,71.4 %,53.8 %,15.0 %,4.62,4.16,-0.2
,2008,Jeff,Suppan,Brewers,177.2,4.56,3.39,1.52,0.301,71.2 %,44.4 %,15.7 %,5.51,4.73,-0.5
,2003,Wayne,Franklin,Brewers,194.2,5.36,4.35,1.66,0.269,69.1 %,33.6 %,12.6 %,5.85,5.59,-0.5
,2003,Damian,Moss,- - -,165.2,4.29,5,1.3,0.288,73.0 %,43.0 %,12.1 %,5.83,5.69,-0.7
,2006,Jason,Marquis,Cardinals,194.1,4.45,3.47,1.62,0.287,66.9 %,42.9 %,13.1 %,5.9,5.5,-0.8
,2009,Braden,Looper,Brewers,194.2,4.62,2.96,1.8,0.284,71.6 %,46.4 %,15.8 %,5.74,4.8,-1
,2012,Ervin,Santana,Angels,178,6.72,3.08,1.97,0.241,69.8 %,43.2 %,18.9 %,5.63,4.48,-1
,2008,Brandon,Backe,Astros,166.2,6.86,4.16,1.94,0.324,72.7 %,37.9 %,16.1 %,5.87,4.83,-1
,2004,Ismael,Valdez,- - -,170,3.55,2.59,1.75,0.282,71.6 %,37.5 %,12.4 %,5.68,5.38,-1
,2001,Dave,Mlicki,- - -,167.2,5.21,3.97,1.99,0.302,70.8 %, , ,6.35, ,-1.2
,2011,Bronson,Arroyo,Reds,199,4.88,2.04,2.08,0.278,74.4 %,38.7 %,15.9 %,5.71,4.54,-1.4
